"Ngày","Lần cuối","Mở","Cao","Thấp","KL","% Thay đổi"
"06/03/2017","3,870.00","3,870.00","3,870.00","3,870.00","-","0.00%"
"07/03/2017","3,870.00","3,870.00","3,870.00","3,870.00","-","0.00%"
"08/03/2017","3,870.00","3,870.00","3,870.00","3,870.00","-","0.00%"
"09/03/2017","3,870.00","3,870.00","3,870.00","3,870.00","-","0.00%"
"10/03/2017","3,870.00","3,870.00","3,870.00","3,870.00","-","0.00%"
"13/03/2017","3,870.00","3,870.00","3,870.00","3,870.00","-","0.00%"
"14/03/2017","3,870.00","3,870.00","3,870.00","3,870.00","-","0.00%"
"15/03/2017","3,870.00","3,870.00","3,870.00","3,870.00","-","0.00%"
"16/03/2017","3,517.00","3,517.00","3,517.00","3,517.00","-","-9.12%"
"17/03/2017","3,517.00","3,517.00","3,517.00","3,517.00","-","0.00%"
"20/03/2017","3,517.00","3,517.00","3,517.00","3,517.00","-","0.00%"
"21/03/2017","3,517.00","3,517.00","3,517.00","3,517.00","-","0.00%"
"22/03/2017","3,517.00","3,517.00","3,517.00","3,517.00","-","0.00%"
"23/03/2017","3,517.00","3,517.00","3,517.00","3,517.00","-","0.00%"
"24/03/2017","3,517.00","3,517.00","3,517.00","3,517.00","-","0.00%"
"27/03/2017","3,517.00","3,517.00","3,517.00","3,517.00","-","0.00%"
"28/03/2017","3,517.00","3,517.00","3,517.00","3,517.00","-","0.00%"
"29/03/2017","3,517.00","3,517.00","3,517.00","3,517.00","-","0.00%"
"30/03/2017","3,517.00","3,517.00","3,517.00","3,517.00","-","0.00%"
"31/03/2017","3,517.00","3,517.00","3,517.00","3,517.00","-","0.00%"
"05/04/2017","3,517.00","3,517.00","3,517.00","3,517.00","-","0.00%"
"06/04/2017","3,517.00","3,517.00","3,517.00","3,517.00","-","0.00%"
"07/04/2017","3,517.00","3,517.00","3,517.00","3,517.00","-","0.00%"
"10/04/2017","3,517.00","3,517.00","3,517.00","3,517.00","-","0.00%"
"11/04/2017","3,517.00","3,517.00","3,517.00","3,517.00","-","0.00%"
"12/04/2017","3,517.00","3,517.00","3,517.00","3,517.00","-","0.00%"
"13/04/2017","3,517.00","3,517.00","3,517.00","3,517.00","-","0.00%"
"14/04/2017","3,517.00","3,517.00","3,517.00","3,517.00","-","0.00%"
"17/04/2017","3,517.00","3,517.00","3,517.00","3,517.00","-","0.00%"
"18/04/2017","3,040.00","3,087.00","3,105.00","2,990.00","39.03K","-13.56%"
"19/04/2017","3,019.00","3,001.00","3,045.00","3,000.00","27.71K","-0.69%"
"20/04/2017","2,997.00","3,015.00","3,075.00","2,941.00","30.51K","-0.73%"
"21/04/2017","3,039.00","3,026.00","3,068.00","3,005.00","21.99K","1.40%"
"24/04/2017","3,013.00","3,031.00","3,048.00","2,982.00","26.35K","-0.86%"
"25/04/2017","3,052.00","3,040.00","3,074.00","3,030.00","20.11K","1.29%"
"26/04/2017","3,105.00","3,061.00","3,172.00","3,048.00","20.89K","1.74%"
"27/04/2017","3,121.00","3,109.00","3,141.00","3,101.00","14.65K","0.52%"
"28/04/2017","3,133.00","3,120.00","3,195.00","3,117.00","22.47K","0.38%"
"02/05/2017","3,189.00","3,196.00","3,208.00","3,160.00","2.87K","1.79%"
"03/05/2017","3,143.00","3,167.00","3,170.00","3,123.00","3.48K","-1.44%"
"04/05/2017","2,995.00","3,110.00","3,110.00","2,936.00","4.74K","-4.71%"
"05/05/2017","2,947.00","2,950.00","2,978.00","2,916.00","3.84K","-1.60%"
"08/05/2017","2,980.00","2,990.00","3,010.00","2,950.00","4.02K","1.12%"
"09/05/2017","2,974.00","2,980.00","3,026.00","2,950.00","2.22K","-0.20%"
"10/05/2017","3,012.00","3,015.00","3,050.00","2,980.00","1.26K","1.28%"
"11/05/2017","3,015.00","3,026.00","3,030.00","3,000.00","0.54K","0.10%"
"12/05/2017","3,008.00","3,009.00","3,009.00","3,008.00","0.36K","-0.23%"
"15/05/2017","3,110.00","3,050.00","3,180.00","3,050.00","0.18K","3.39%"
"16/05/2017","3,117.00","3,117.00","3,117.00","3,117.00","-","0.23%"
"17/05/2017","3,117.00","3,117.00","3,117.00","3,117.00","-","0.00%"
"18/05/2017","3,117.00","3,117.00","3,117.00","3,117.00","-","0.00%"
"19/05/2017","3,117.00","3,178.00","3,178.00","3,057.00","0.00K","0.00%"
"22/05/2017","3,200.00","3,200.00","3,200.00","3,200.00","0.00K","2.66%"
"23/05/2017","3,200.00","3,200.00","3,200.00","3,200.00","-","0.00%"
"24/05/2017","3,221.00","3,221.00","3,221.00","3,221.00","0.00K","0.66%"
"25/05/2017","3,221.00","3,221.00","3,221.00","3,221.00","-","0.00%"
"26/05/2017","3,221.00","3,221.00","3,221.00","3,221.00","-","0.00%"
"31/05/2017","3,133.00","3,221.00","3,221.00","3,046.00","0.00K","-2.73%"
"01/06/2017","3,133.00","3,133.00","3,133.00","3,133.00","-","0.00%"
"02/06/2017","3,133.00","3,133.00","3,133.00","3,133.00","-","0.00%"
"05/06/2017","3,133.00","3,133.00","3,133.00","3,133.00","-","0.00%"
"06/06/2017","3,133.00","3,133.00","3,133.00","3,133.00","-","0.00%"
"07/06/2017","3,133.00","3,133.00","3,133.00","3,133.00","-","0.00%"
"08/06/2017","3,133.00","3,133.00","3,133.00","3,133.00","-","0.00%"
"09/06/2017","3,133.00","3,133.00","3,133.00","3,133.00","-","0.00%"
"12/06/2017","3,133.00","3,133.00","3,133.00","3,133.00","-","0.00%"
"13/06/2017","3,133.00","3,133.00","3,133.00","3,133.00","-","0.00%"
"14/06/2017","3,133.00","3,133.00","3,133.00","3,133.00","-","0.00%"
"15/06/2017","3,133.00","3,133.00","3,133.00","3,133.00","-","0.00%"
"16/06/2017","3,225.00","3,330.00","3,330.00","3,121.00","0.00K","2.94%"
"19/06/2017","3,225.00","3,225.00","3,225.00","3,225.00","-","0.00%"
"20/06/2017","3,225.00","3,225.00","3,225.00","3,225.00","-","0.00%"
"21/06/2017","3,225.00","3,225.00","3,225.00","3,225.00","-","0.00%"
"22/06/2017","3,225.00","3,225.00","3,225.00","3,225.00","-","0.00%"
"23/06/2017","3,225.00","3,225.00","3,225.00","3,225.00","-","0.00%"
"26/06/2017","3,373.00","3,308.00","3,418.00","3,307.00","0.07K","4.59%"
"27/06/2017","3,519.00","3,380.00","3,556.00","3,380.00","0.02K","4.33%"
"28/06/2017","3,521.00","3,521.00","3,521.00","3,521.00","0.00K","0.06%"
"29/06/2017","3,553.00","3,406.00","3,728.00","3,342.00","0.09K","0.91%"
"30/06/2017","3,560.00","3,691.00","3,699.00","3,401.00","0.01K","0.20%"
"03/07/2017","3,560.00","3,560.00","3,560.00","3,560.00","-","0.00%"
"04/07/2017","3,560.00","3,560.00","3,560.00","3,560.00","-","0.00%"
"05/07/2017","3,560.00","3,560.00","3,560.00","3,560.00","-","0.00%"
"06/07/2017","3,560.00","3,560.00","3,560.00","3,560.00","-","0.00%"
"07/07/2017","3,560.00","3,560.00","3,560.00","3,560.00","-","0.00%"
"10/07/2017","3,560.00","3,560.00","3,560.00","3,560.00","-","0.00%"
"11/07/2017","3,560.00","3,560.00","3,560.00","3,560.00","-","0.00%"
"12/07/2017","3,560.00","3,560.00","3,560.00","3,560.00","-","0.00%"
"13/07/2017","3,560.00","3,560.00","3,560.00","3,560.00","-","0.00%"
"14/07/2017","3,560.00","3,560.00","3,560.00","3,560.00","-","0.00%"
"17/07/2017","3,560.00","3,560.00","3,560.00","3,560.00","-","0.00%"
"18/07/2017","3,723.00","3,613.00","3,860.00","3,613.00","0.01K","4.58%"
"19/07/2017","3,852.00","3,890.00","3,946.00","3,781.00","0.07K","3.46%"
"20/07/2017","3,852.00","3,852.00","3,852.00","3,852.00","-","0.00%"
"21/07/2017","3,704.00","3,827.00","3,827.00","3,627.00","0.02K","-3.84%"
"24/07/2017","3,638.00","3,622.00","3,657.00","3,622.00","0.01K","-1.78%"
"25/07/2017","3,637.00","3,514.00","3,720.00","3,514.00","0.01K","-0.03%"
"26/07/2017","3,637.00","3,637.00","3,637.00","3,637.00","-","0.00%"
"27/07/2017","3,637.00","3,637.00","3,637.00","3,637.00","-","0.00%"
"28/07/2017","3,637.00","3,637.00","3,637.00","3,637.00","-","0.00%"
"31/07/2017","3,637.00","3,637.00","3,637.00","3,637.00","-","0.00%"
"01/08/2017","3,637.00","3,637.00","3,637.00","3,637.00","-","0.00%"
"02/08/2017","3,637.00","3,637.00","3,637.00","3,637.00","-","0.00%"
"03/08/2017","3,637.00","3,637.00","3,637.00","3,637.00","-","0.00%"
"04/08/2017","3,637.00","3,637.00","3,637.00","3,637.00","-","0.00%"
"07/08/2017","3,637.00","3,637.00","3,637.00","3,637.00","-","0.00%"
"08/08/2017","3,637.00","3,637.00","3,637.00","3,637.00","-","0.00%"
"09/08/2017","3,637.00","3,637.00","3,637.00","3,637.00","-","0.00%"
"10/08/2017","3,637.00","3,637.00","3,637.00","3,637.00","-","0.00%"
"11/08/2017","3,637.00","3,637.00","3,637.00","3,637.00","-","0.00%"
"14/08/2017","3,637.00","3,637.00","3,637.00","3,637.00","-","0.00%"
"15/08/2017","3,637.00","3,637.00","3,637.00","3,637.00","-","0.00%"
"16/08/2017","4,007.00","4,023.00","4,039.00","3,978.00","0.02K","10.17%"
"17/08/2017","4,007.00","4,007.00","4,007.00","4,007.00","-","0.00%"
"18/08/2017","4,093.00","4,075.00","4,179.00","4,059.00","0.68K","2.15%"
"21/08/2017","4,062.00","4,068.00","4,173.00","4,000.00","0.05K","-0.76%"
"22/08/2017","4,137.00","4,144.00","4,150.00","4,084.00","0.11K","1.85%"
"23/08/2017","3,994.00","4,062.00","4,069.00","3,897.00","0.08K","-3.46%"
"24/08/2017","4,012.00","4,025.00","4,088.00","4,003.00","0.06K","0.45%"
"25/08/2017","4,170.00","4,210.00","4,210.00","4,135.00","0.10K","3.94%"
"28/08/2017","4,101.00","4,176.00","4,176.00","4,059.00","0.01K","-1.65%"
"29/08/2017","4,174.00","4,110.00","4,300.00","4,110.00","0.02K","1.78%"
"30/08/2017","4,161.00","4,148.00","4,222.00","4,051.00","0.04K","-0.31%"
"31/08/2017","4,079.00","4,121.00","4,197.00","4,010.00","0.08K","-1.97%"
"01/09/2017","4,179.00","4,179.00","4,179.00","4,179.00","-","2.45%"
"04/09/2017","4,179.00","4,179.00","4,179.00","4,179.00","-","0.00%"
"05/09/2017","4,179.00","4,179.00","4,179.00","4,179.00","-","0.00%"
"06/09/2017","4,179.00","4,179.00","4,179.00","4,179.00","-","0.00%"
"07/09/2017","4,179.00","4,179.00","4,179.00","4,179.00","-","0.00%"
"08/09/2017","4,300.00","4,300.00","4,300.00","4,300.00","0.06K","2.90%"
"11/09/2017","4,300.00","4,300.00","4,300.00","4,300.00","-","0.00%"
"12/09/2017","4,300.00","4,300.00","4,300.00","4,300.00","-","0.00%"
"13/09/2017","4,300.00","4,300.00","4,300.00","4,300.00","-","0.00%"
"14/09/2017","4,300.00","4,300.00","4,300.00","4,300.00","-","0.00%"
"15/09/2017","4,300.00","4,300.00","4,300.00","4,300.00","-","0.00%"
"18/09/2017","4,127.00","4,161.00","4,175.00","4,091.00","12.17K","-4.02%"
"19/09/2017","4,126.00","4,132.00","4,163.00","4,084.00","10.58K","-0.02%"
"20/09/2017","4,067.00","4,085.00","4,100.00","4,030.00","11.77K","-1.43%"
"21/09/2017","4,055.00","4,094.00","4,127.00","3,998.00","12.17K","-0.30%"
"22/09/2017","3,954.00","4,001.00","4,001.00","3,858.00","15.91K","-2.49%"
"25/09/2017","3,904.00","3,902.00","3,932.00","3,869.00","6.57K","-1.26%"
"26/09/2017","3,938.00","3,910.00","3,950.00","3,910.00","5.71K","0.87%"
"27/09/2017","3,969.00","3,941.00","4,004.00","3,935.00","5.14K","0.79%"
"28/09/2017","3,983.00","3,981.00","4,048.00","3,918.00","6.74K","0.35%"
"29/09/2017","3,971.00","3,999.00","4,154.00","3,885.00","7.89K","-0.30%"
"09/10/2017","4,110.00","4,150.00","4,178.00","4,056.00","2.94K","3.50%"
"10/10/2017","3,984.00","4,025.00","4,070.00","3,955.00","5.04K","-3.07%"
"11/10/2017","3,976.00","4,050.00","4,050.00","3,940.00","5.10K","-0.20%"
"12/10/2017","4,030.00","3,921.00","4,080.00","3,921.00","1.38K","1.36%"
"13/10/2017","4,143.00","4,100.00","4,200.00","4,099.00","1.86K","2.80%"
"16/10/2017","4,273.00","4,300.00","4,300.00","4,220.00","0.18K","3.14%"
"17/10/2017","4,306.00","4,306.00","4,306.00","4,306.00","-","0.77%"
"18/10/2017","4,223.00","4,223.00","4,224.00","4,223.00","0.01K","-1.93%"
"19/10/2017","4,024.00","4,025.00","4,025.00","4,023.00","0.01K","-4.71%"
"20/10/2017","4,024.00","4,024.00","4,024.00","4,024.00","-","0.00%"
"23/10/2017","4,024.00","4,024.00","4,024.00","4,024.00","-","0.00%"
"24/10/2017","4,024.00","4,024.00","4,024.00","4,024.00","0.01K","0.00%"
"25/10/2017","4,024.00","4,024.00","4,024.00","4,024.00","-","0.00%"
"26/10/2017","4,000.00","4,000.00","4,000.00","4,000.00","0.01K","-0.60%"
"27/10/2017","4,000.00","4,000.00","4,000.00","4,000.00","-","0.00%"
"30/10/2017","3,950.00","3,950.00","3,950.00","3,950.00","0.01K","-1.25%"
"31/10/2017","3,991.00","3,995.00","3,995.00","3,985.00","0.01K","1.04%"
"01/11/2017","3,991.00","3,991.00","3,991.00","3,991.00","-","0.00%"
"02/11/2017","3,991.00","3,991.00","3,991.00","3,991.00","-","0.00%"
"03/11/2017","3,991.00","3,991.00","3,991.00","3,991.00","-","0.00%"
"06/11/2017","3,991.00","3,991.00","3,991.00","3,991.00","-","0.00%"
"07/11/2017","3,991.00","3,991.00","3,991.00","3,991.00","-","0.00%"
"08/11/2017","3,991.00","3,991.00","3,991.00","3,991.00","-","0.00%"
"09/11/2017","3,991.00","3,991.00","3,991.00","3,991.00","-","0.00%"
"10/11/2017","3,991.00","3,991.00","3,991.00","3,991.00","-","0.00%"
"13/11/2017","3,991.00","3,991.00","3,991.00","3,991.00","-","0.00%"
"14/11/2017","3,991.00","3,991.00","3,991.00","3,991.00","-","0.00%"
"15/11/2017","3,991.00","3,991.00","3,991.00","3,991.00","-","0.00%"
"16/11/2017","4,084.00","4,061.00","4,125.00","4,052.00","0.03K","2.33%"
"17/11/2017","4,084.00","4,084.00","4,084.00","4,084.00","-","0.00%"
"20/11/2017","4,084.00","4,084.00","4,084.00","4,084.00","-","0.00%"
"21/11/2017","4,084.00","4,084.00","4,084.00","4,084.00","-","0.00%"
"22/11/2017","4,084.00","4,084.00","4,084.00","4,084.00","-","0.00%"
"23/11/2017","4,076.00","4,076.00","4,076.00","4,076.00","0.00K","-0.20%"
"24/11/2017","4,076.00","4,076.00","4,076.00","4,076.00","-","0.00%"
"27/11/2017","4,076.00","4,076.00","4,076.00","4,076.00","-","0.00%"
"28/11/2017","4,099.00","4,099.00","4,099.00","4,099.00","-","0.56%"
"29/11/2017","4,150.00","4,150.00","4,150.00","4,150.00","-","1.24%"
"30/11/2017","4,133.00","4,166.00","4,166.00","4,100.00","0.01K","-0.41%"
"01/12/2017","4,133.00","4,133.00","4,133.00","4,133.00","-","0.00%"
"04/12/2017","4,133.00","4,133.00","4,133.00","4,133.00","-","0.00%"
"05/12/2017","4,133.00","4,133.00","4,133.00","4,133.00","-","0.00%"
"06/12/2017","4,133.00","4,133.00","4,133.00","4,133.00","-","0.00%"
"07/12/2017","4,133.00","4,133.00","4,133.00","4,133.00","-","0.00%"
"08/12/2017","4,133.00","4,133.00","4,133.00","4,133.00","-","0.00%"
"11/12/2017","4,133.00","4,133.00","4,133.00","4,133.00","-","0.00%"
"12/12/2017","4,133.00","4,133.00","4,133.00","4,133.00","-","0.00%"
"13/12/2017","4,133.00","4,133.00","4,133.00","4,133.00","-","0.00%"
"14/12/2017","4,133.00","4,133.00","4,133.00","4,133.00","-","0.00%"
"15/12/2017","4,133.00","4,133.00","4,133.00","4,133.00","-","0.00%"
"18/12/2017","4,137.00","4,136.00","4,183.00","4,107.00","43.63K","0.10%"
"19/12/2017","4,104.00","4,132.00","4,139.00","4,083.00","53.23K","-0.80%"
"20/12/2017","4,101.00","4,085.00","4,115.00","4,081.00","32.46K","-0.07%"
"21/12/2017","4,117.00","4,115.00","4,138.00","4,090.00","32.97K","0.39%"
"22/12/2017","4,157.00","4,129.00","4,178.00","4,127.00","24.16K","0.97%"
"25/12/2017","4,140.00","4,170.00","4,189.00","4,100.00","33.53K","-0.41%"
"26/12/2017","4,123.00","4,109.00","4,144.00","4,101.00","24.07K","-0.41%"
"27/12/2017","4,125.00","4,115.00","4,135.00","4,111.00","11.07K","0.05%"
"28/12/2017","4,124.00","4,125.00","4,151.00","4,104.00","10.78K","-0.02%"
"29/12/2017","4,155.00","4,150.00","4,180.00","4,120.00","11.49K","0.75%"
"02/01/2018","4,177.00","4,189.00","4,189.00","4,157.00","6.01K","0.53%"
"03/01/2018","4,173.00","4,179.00","4,187.00","4,161.00","3.24K","-0.10%"
"04/01/2018","4,176.00","4,170.00","4,185.00","4,161.00","5.40K","0.07%"
"05/01/2018","4,172.00","4,175.00","4,196.00","4,155.00","3.42K","-0.10%"
"08/01/2018","4,162.00","4,170.00","4,172.00","4,151.00","2.10K","-0.24%"
"09/01/2018","4,173.00","4,180.00","4,180.00","4,166.00","1.56K","0.26%"
"10/01/2018","4,178.00","4,180.00","4,180.00","4,172.00","0.72K","0.12%"
"11/01/2018","4,174.00","4,180.00","4,180.00","4,169.00","0.12K","-0.10%"
"12/01/2018","4,159.00","4,130.00","4,175.00","4,130.00","1.50K","-0.36%"
"15/01/2018","4,159.00","4,159.00","4,159.00","4,159.00","-","0.00%"
"16/01/2018","4,137.00","4,137.00","4,137.00","4,137.00","-","-0.53%"
"17/01/2018","4,137.00","4,137.00","4,137.00","4,137.00","-","0.00%"
"18/01/2018","4,137.00","4,137.00","4,137.00","4,137.00","-","0.00%"
"19/01/2018","4,137.00","4,137.00","4,137.00","4,137.00","-","0.00%"
"22/01/2018","4,139.00","4,139.00","4,140.00","4,139.00","0.01K","0.05%"
"23/01/2018","4,139.00","4,139.00","4,139.00","4,139.00","-","0.00%"
"24/01/2018","4,100.00","4,100.00","4,100.00","4,100.00","0.02K","-0.94%"
"25/01/2018","4,100.00","4,100.00","4,100.00","4,100.00","-","0.00%"
"26/01/2018","4,061.00","4,061.00","4,061.00","4,061.00","0.01K","-0.95%"
"29/01/2018","4,061.00","4,061.00","4,061.00","4,061.00","-","0.00%"
"30/01/2018","3,922.00","3,945.00","3,969.00","3,846.00","0.01K","-3.42%"
"31/01/2018","3,978.00","3,994.00","3,994.00","3,963.00","0.00K","1.43%"
"01/02/2018","3,978.00","3,978.00","3,978.00","3,978.00","-","0.00%"
"02/02/2018","3,978.00","3,978.00","3,978.00","3,978.00","-","0.00%"
"05/02/2018","3,978.00","3,978.00","3,978.00","3,978.00","-","0.00%"
"06/02/2018","3,978.00","3,978.00","3,978.00","3,978.00","-","0.00%"
"07/02/2018","3,978.00","3,978.00","3,978.00","3,978.00","-","0.00%"
"08/02/2018","3,978.00","3,978.00","3,978.00","3,978.00","-","0.00%"
"09/02/2018","3,978.00","3,978.00","3,978.00","3,978.00","-","0.00%"
"12/02/2018","4,062.00","4,062.00","4,062.00","4,062.00","-","2.11%"
"13/02/2018","4,062.00","4,062.00","4,062.00","4,062.00","-","0.00%"
"14/02/2018","4,100.00","4,100.00","4,100.00","4,100.00","0.01K","0.94%"
"22/02/2018","4,100.00","4,100.00","4,100.00","4,100.00","-","0.00%"
"23/02/2018","4,105.00","4,105.00","4,105.00","4,105.00","0.01K","0.12%"
"26/02/2018","4,046.00","4,052.00","4,052.00","4,035.00","0.01K","-1.44%"
"27/02/2018","4,068.00","4,055.00","4,249.00","4,032.00","0.04K","0.54%"
"28/02/2018","4,131.00","4,120.00","4,179.00","4,120.00","0.01K","1.55%"
"01/03/2018","4,235.00","4,235.00","4,235.00","4,235.00","0.06K","2.52%"
"02/03/2018","4,235.00","4,235.00","4,235.00","4,235.00","-","0.00%"
"05/03/2018","4,235.00","4,235.00","4,235.00","4,235.00","-","0.00%"
"06/03/2018","4,235.00","4,235.00","4,235.00","4,235.00","-","0.00%"
"07/03/2018","4,235.00","4,235.00","4,235.00","4,235.00","-","0.00%"
"08/03/2018","4,235.00","4,235.00","4,235.00","4,235.00","-","0.00%"
"09/03/2018","4,235.00","4,235.00","4,235.00","4,235.00","-","0.00%"
"12/03/2018","4,235.00","4,235.00","4,235.00","4,235.00","-","0.00%"
"13/03/2018","4,235.00","4,235.00","4,235.00","4,235.00","-","0.00%"
"14/03/2018","4,235.00","4,235.00","4,235.00","4,235.00","-","0.00%"
"15/03/2018","4,235.00","4,235.00","4,235.00","4,235.00","-","0.00%"
"16/03/2018","4,002.00","3,914.00","4,075.00","3,914.00","0.01K","-5.50%"
"19/03/2018","4,002.00","4,002.00","4,002.00","4,002.00","-","0.00%"
"20/03/2018","4,002.00","4,002.00","4,002.00","4,002.00","-","0.00%"
"21/03/2018","3,908.00","3,908.00","3,908.00","3,908.00","0.00K","-2.35%"
"22/03/2018","3,888.00","3,888.00","3,888.00","3,888.00","0.01K","-0.51%"
"23/03/2018","3,784.00","3,808.00","3,893.00","3,656.00","0.02K","-2.67%"
"26/03/2018","3,784.00","3,784.00","3,784.00","3,784.00","-","0.00%"
"27/03/2018","3,784.00","3,784.00","3,784.00","3,784.00","-","0.00%"
"28/03/2018","3,729.00","3,740.00","3,750.00","3,708.00","0.02K","-1.45%"
"29/03/2018","3,772.00","3,799.00","3,800.00","3,668.00","0.01K","1.15%"
"30/03/2018","3,795.00","3,874.00","3,874.00","3,784.00","0.02K","0.61%"
"02/04/2018","3,795.00","3,795.00","3,795.00","3,795.00","-","0.00%"
"03/04/2018","3,920.00","3,920.00","3,920.00","3,920.00","0.06K","3.29%"
"04/04/2018","3,920.00","3,920.00","3,920.00","3,920.00","-","0.00%"
"09/04/2018","3,920.00","3,920.00","3,920.00","3,920.00","-","0.00%"
"10/04/2018","3,920.00","3,920.00","3,920.00","3,920.00","-","0.00%"
"11/04/2018","3,920.00","3,920.00","3,920.00","3,920.00","-","0.00%"
"12/04/2018","3,920.00","3,920.00","3,920.00","3,920.00","-","0.00%"
"13/04/2018","3,920.00","3,920.00","3,920.00","3,920.00","-","0.00%"
"16/04/2018","3,920.00","3,920.00","3,920.00","3,920.00","-","0.00%"
"17/04/2018","3,841.00","3,818.00","3,869.00","3,805.00","94.71K","-2.02%"
"18/04/2018","3,896.00","3,870.00","3,922.00","3,866.00","80.98K","1.43%"
"19/04/2018","3,925.00","3,912.00","3,953.00","3,900.00","63.35K","0.74%"
"20/04/2018","3,933.00","3,945.00","3,950.00","3,917.00","39.85K","0.20%"
"23/04/2018","3,986.00","3,931.00","4,031.00","3,927.00","52.72K","1.35%"
"24/04/2018","4,066.00","4,024.00","4,091.00","4,022.00","47.52K","2.01%"
"25/04/2018","4,082.00","4,081.00","4,100.00","4,061.00","30.13K","0.39%"
"26/04/2018","4,102.00","4,098.00","4,125.00","4,088.00","36.54K","0.49%"
"27/04/2018","4,110.00","4,102.00","4,122.00","4,100.00","26.48K","0.20%"
"02/05/2018","4,192.00","4,180.00","4,205.00","4,161.00","6.49K","2.00%"
"03/05/2018","4,158.00","4,200.00","4,202.00","4,130.00","3.42K","-0.81%"
"04/05/2018","4,142.00","4,110.00","4,166.00","4,110.00","2.46K","-0.38%"
"07/05/2018","4,151.00","4,150.00","4,180.00","4,122.00","1.38K","0.22%"
"08/05/2018","4,170.00","4,180.00","4,180.00","4,162.00","0.96K","0.46%"
"09/05/2018","4,128.00","4,150.00","4,150.00","4,120.00","4.32K","-1.01%"
"10/05/2018","4,134.00","4,130.00","4,145.00","4,125.00","2.04K","0.15%"
"11/05/2018","4,145.00","4,135.00","4,165.00","4,130.00","1.20K","0.27%"
"14/05/2018","4,190.00","4,190.00","4,190.00","4,190.00","0.30K","1.09%"
"15/05/2018","4,195.00","4,195.00","4,198.00","4,195.00","0.36K","0.12%"
"16/05/2018","4,172.00","4,172.00","4,172.00","4,172.00","-","-0.55%"
"17/05/2018","4,172.00","4,172.00","4,172.00","4,172.00","-","0.00%"
"18/05/2018","4,172.00","4,172.00","4,172.00","4,172.00","-","0.00%"
"21/05/2018","4,178.00","3,999.00","4,336.00","3,999.00","0.01K","0.14%"
"22/05/2018","4,078.00","3,991.00","4,296.00","3,991.00","0.01K","-2.39%"
"23/05/2018","4,078.00","4,078.00","4,078.00","4,078.00","-","0.00%"
"24/05/2018","4,078.00","4,078.00","4,078.00","4,078.00","-","0.00%"
"25/05/2018","4,175.00","4,175.00","4,175.00","4,175.00","0.00K","2.38%"
"28/05/2018","4,092.00","4,010.00","4,200.00","3,968.00","0.13K","-1.99%"
"29/05/2018","4,054.00","4,005.00","4,150.00","4,005.00","0.01K","-0.93%"
"30/05/2018","4,046.00","3,971.00","4,196.00","3,971.00","0.01K","-0.20%"
"31/05/2018","4,252.00","4,286.00","4,286.00","4,185.00","0.01K","5.09%"
"01/06/2018","4,252.00","4,252.00","4,252.00","4,252.00","-","0.00%"
"04/06/2018","4,252.00","4,252.00","4,252.00","4,252.00","-","0.00%"
"05/06/2018","4,252.00","4,252.00","4,252.00","4,252.00","-","0.00%"
"06/06/2018","4,252.00","4,252.00","4,252.00","4,252.00","-","0.00%"
"07/06/2018","4,252.00","4,252.00","4,252.00","4,252.00","-","0.00%"
"08/06/2018","4,252.00","4,252.00","4,252.00","4,252.00","-","0.00%"
"11/06/2018","4,252.00","4,252.00","4,252.00","4,252.00","-","0.00%"
"12/06/2018","4,252.00","4,252.00","4,252.00","4,252.00","-","0.00%"
"13/06/2018","4,252.00","4,252.00","4,252.00","4,252.00","-","0.00%"
"14/06/2018","4,252.00","4,252.00","4,252.00","4,252.00","-","0.00%"
"15/06/2018","4,252.00","4,252.00","4,252.00","4,252.00","-","0.00%"
"19/06/2018","4,382.00","4,424.00","4,424.00","4,321.00","0.25K","3.06%"
"20/06/2018","4,368.00","4,392.00","4,395.00","4,336.00","0.08K","-0.32%"
"21/06/2018","4,374.00","4,385.00","4,400.00","4,349.00","0.03K","0.14%"
"22/06/2018","4,313.00","4,327.00","4,338.00","4,307.00","0.03K","-1.39%"
"25/06/2018","4,285.00","4,300.00","4,300.00","4,276.00","0.01K","-0.65%"
"26/06/2018","4,255.00","4,248.00","4,299.00","4,228.00","0.04K","-0.70%"
"27/06/2018","4,284.00","4,278.00","4,450.00","4,278.00","0.14K","0.68%"
"28/06/2018","4,484.00","4,532.00","4,533.00","4,422.00","0.07K","4.67%"
"29/06/2018","4,312.00","4,525.00","4,525.00","4,214.00","0.09K","-3.84%"
"02/07/2018","4,128.00","4,120.00","4,150.00","4,115.00","0.42K","-4.27%"
"03/07/2018","4,128.00","4,128.00","4,128.00","4,128.00","-","0.00%"
"04/07/2018","4,232.00","4,230.00","4,239.00","4,230.00","0.24K","2.52%"
"05/07/2018","4,232.00","4,232.00","4,232.00","4,232.00","-","0.00%"
"06/07/2018","4,232.00","4,232.00","4,232.00","4,232.00","-","0.00%"
"09/07/2018","4,380.00","4,380.00","4,380.00","4,380.00","0.06K","3.50%"
"10/07/2018","4,380.00","4,380.00","4,380.00","4,380.00","-","0.00%"
"11/07/2018","4,380.00","4,380.00","4,380.00","4,380.00","-","0.00%"
"12/07/2018","4,380.00","4,380.00","4,380.00","4,380.00","-","0.00%"
"13/07/2018","4,380.00","4,380.00","4,380.00","4,380.00","-","0.00%"
"16/07/2018","4,380.00","4,380.00","4,380.00","4,380.00","-","0.00%"
"17/07/2018","4,222.00","4,222.00","4,222.00","4,222.00","-","-3.61%"
"18/07/2018","4,224.00","4,270.00","4,270.00","4,178.00","0.00K","0.05%"
"19/07/2018","4,234.00","4,178.00","4,291.00","4,178.00","0.00K","0.24%"
"20/07/2018","4,234.00","4,234.00","4,234.00","4,234.00","-","0.00%"
"23/07/2018","4,301.00","4,301.00","4,301.00","4,301.00","0.00K","1.58%"
"24/07/2018","4,280.00","4,280.00","4,280.00","4,280.00","0.00K","-0.49%"
"25/07/2018","4,233.00","4,285.00","4,468.00","4,100.00","0.05K","-1.10%"
"26/07/2018","4,283.00","4,283.00","4,283.00","4,283.00","0.00K","1.18%"
"27/07/2018","4,313.00","4,310.00","4,319.00","4,310.00","0.01K","0.70%"
"30/07/2018","4,258.00","4,299.00","4,299.00","4,209.00","0.01K","-1.28%"
"31/07/2018","4,129.00","4,179.00","4,220.00","4,013.00","0.03K","-3.03%"
"01/08/2018","4,230.00","4,230.00","4,230.00","4,230.00","-","2.45%"
"02/08/2018","4,265.00","4,265.00","4,265.00","4,265.00","0.06K","0.83%"
"03/08/2018","4,265.00","4,265.00","4,265.00","4,265.00","-","0.00%"
"06/08/2018","4,265.00","4,265.00","4,265.00","4,265.00","-","0.00%"
"07/08/2018","4,265.00","4,265.00","4,265.00","4,265.00","-","0.00%"
"08/08/2018","4,265.00","4,265.00","4,265.00","4,265.00","-","0.00%"
"09/08/2018","4,265.00","4,265.00","4,265.00","4,265.00","-","0.00%"
"10/08/2018","4,265.00","4,265.00","4,265.00","4,265.00","-","0.00%"
"13/08/2018","4,265.00","4,265.00","4,265.00","4,265.00","-","0.00%"
"14/08/2018","4,265.00","4,265.00","4,265.00","4,265.00","-","0.00%"
"15/08/2018","4,265.00","4,265.00","4,265.00","4,265.00","-","0.00%"
"16/08/2018","4,237.00","4,262.00","4,262.00","4,206.00","7.65K","-0.66%"
"17/08/2018","4,281.00","4,235.00","4,300.00","4,221.00","1.27K","1.04%"
"20/08/2018","4,366.00","4,275.00","4,409.00","4,264.00","0.86K","1.99%"
"21/08/2018","4,378.00","4,405.00","4,427.00","4,355.00","3.15K","0.27%"
"22/08/2018","4,384.00","4,371.00","4,403.00","4,355.00","1.04K","0.14%"
"23/08/2018","4,363.00","4,371.00","4,384.00","4,345.00","1.00K","-0.48%"
"24/08/2018","4,374.00","4,362.00","4,420.00","4,355.00","0.92K","0.25%"
"27/08/2018","4,359.00","4,436.00","4,436.00","4,342.00","0.69K","-0.34%"
"28/08/2018","4,390.00","4,359.00","4,400.00","4,359.00","2.15K","0.71%"
"29/08/2018","4,377.00","4,375.00","4,397.00","4,365.00","0.47K","-0.30%"
"30/08/2018","4,327.00","4,330.00","4,360.00","4,312.00","1.20K","-1.14%"
"31/08/2018","4,307.00","4,296.00","4,330.00","4,107.00","5.15K","-0.46%"
"03/09/2018","4,294.00","4,288.00","4,298.00","4,288.00","0.18K","-0.30%"
"04/09/2018","4,291.00","4,290.00","4,310.00","4,280.00","0.24K","-0.07%"
"05/09/2018","4,291.00","4,291.00","4,291.00","4,291.00","-","0.00%"
"06/09/2018","4,291.00","4,291.00","4,291.00","4,291.00","0.12K","0.00%"
"07/09/2018","4,360.00","4,350.00","4,380.00","4,350.00","0.18K","1.61%"
"10/09/2018","4,343.00","4,335.00","4,366.00","4,330.00","0.42K","-0.39%"
"11/09/2018","4,269.00","4,280.00","4,400.00","4,250.00","0.84K","-1.70%"
"12/09/2018","4,252.00","4,270.00","4,270.00","4,215.00","0.96K","-0.40%"
"13/09/2018","4,291.00","4,300.00","4,300.00","4,280.00","1.02K","0.92%"
"14/09/2018","4,289.00","4,290.00","4,299.00","4,280.00","0.78K","-0.05%"
"17/09/2018","4,288.00","4,329.00","4,329.00","4,245.00","0.90K","-0.02%"
"18/09/2018","4,257.00","4,232.00","4,278.00","4,231.00","16.57K","-0.72%"
"19/09/2018","4,268.00","4,289.00","4,303.00","4,254.00","15.11K","0.26%"
"20/09/2018","4,269.00","4,273.00","4,281.00","4,260.00","14.75K","0.02%"
"21/09/2018","4,289.00","4,270.00","4,308.00","4,269.00","15.77K","0.47%"
"25/09/2018","4,278.00","4,310.00","4,317.00","4,265.00","11.84K","-0.26%"
"26/09/2018","4,269.00","4,269.00","4,280.00","4,260.00","19.81K","-0.21%"
"27/09/2018","4,269.00","4,271.00","4,284.00","4,253.00","16.14K","0.00%"
"28/09/2018","4,232.00","4,250.00","4,396.00","4,207.00","12.27K","-0.87%"
"08/10/2018","4,250.00","4,264.00","4,269.00","4,220.00","1.77K","0.43%"
"09/10/2018","4,297.00","4,303.00","4,333.00","4,253.00","3.60K","1.11%"
"10/10/2018","4,305.00","4,307.00","4,324.00","4,293.00","6.36K","0.19%"
"11/10/2018","4,280.00","4,339.00","4,339.00","4,261.00","3.66K","-0.58%"
"12/10/2018","4,253.00","4,280.00","4,280.00","4,240.00","3.78K","-0.63%"
"15/10/2018","4,320.00","4,320.00","4,320.00","4,320.00","1.20K","1.58%"
"16/10/2018","4,194.00","4,194.00","4,194.00","4,194.00","-","-2.92%"
"17/10/2018","4,281.00","4,281.00","4,285.00","4,280.00","0.07K","2.07%"
"18/10/2018","4,280.00","4,280.00","4,281.00","4,280.00","0.07K","-0.02%"
"19/10/2018","4,280.00","4,280.00","4,280.00","4,280.00","0.04K","0.00%"
"22/10/2018","4,279.00","4,280.00","4,280.00","4,279.00","0.10K","-0.02%"
"23/10/2018","4,182.00","4,278.00","4,278.00","4,123.00","0.25K","-2.27%"
"24/10/2018","4,146.00","3,971.00","4,200.00","3,971.00","0.15K","-0.86%"
"25/10/2018","4,149.00","4,146.00","4,150.00","4,146.00","0.10K","0.07%"
"26/10/2018","4,185.00","4,040.00","4,241.00","4,040.00","0.04K","0.87%"
"29/10/2018","4,149.00","4,150.00","4,169.00","4,110.00","0.08K","-0.86%"
"30/10/2018","4,160.00","4,160.00","4,160.00","4,160.00","0.02K","0.27%"
"31/10/2018","4,109.00","4,160.00","4,160.00","4,020.00","0.03K","-1.23%"
"01/11/2018","4,002.00","4,000.00","4,010.00","4,000.00","0.24K","-2.60%"
"02/11/2018","3,955.00","3,950.00","3,960.00","3,950.00","0.12K","-1.17%"
"05/11/2018","3,955.00","3,955.00","3,955.00","3,955.00","0.12K","0.00%"
"06/11/2018","3,976.00","4,000.00","4,000.00","3,900.00","0.48K","0.53%"
"07/11/2018","3,921.00","3,945.00","3,945.00","3,910.00","0.24K","-1.38%"
"08/11/2018","3,900.00","3,900.00","3,900.00","3,900.00","0.18K","-0.54%"
"09/11/2018","3,900.00","3,900.00","3,900.00","3,900.00","-","0.00%"
"12/11/2018","3,810.00","3,810.00","3,810.00","3,810.00","-","-2.31%"
"13/11/2018","3,800.00","3,800.00","3,800.00","3,800.00","0.06K","-0.26%"
"14/11/2018","3,800.00","3,800.00","3,800.00","3,800.00","-","0.00%"
"15/11/2018","3,800.00","3,800.00","3,800.00","3,800.00","-","0.00%"
"16/11/2018","3,857.00","3,851.00","3,884.00","3,843.00","0.13K","1.50%"
"19/11/2018","3,908.00","3,938.00","3,949.00","3,870.00","0.06K","1.32%"
"20/11/2018","3,838.00","3,881.00","3,881.00","3,815.00","0.02K","-1.79%"
"21/11/2018","3,810.00","3,788.00","3,835.00","3,779.00","0.04K","-0.73%"
"22/11/2018","3,800.00","3,830.00","3,830.00","3,781.00","0.35K","-0.26%"
"23/11/2018","3,750.00","3,775.00","3,775.00","3,725.00","0.03K","-1.32%"
"26/11/2018","3,677.00","3,796.00","3,796.00","3,635.00","0.05K","-1.95%"
"27/11/2018","3,621.00","3,615.00","3,667.00","3,612.00","0.08K","-1.52%"
"28/11/2018","3,670.00","3,697.00","3,704.00","3,650.00","0.11K","1.35%"
"29/11/2018","3,685.00","3,670.00","3,696.00","3,634.00","0.16K","0.41%"
"30/11/2018","3,660.00","3,603.00","3,693.00","3,603.00","0.11K","-0.68%"
"03/12/2018","3,660.00","3,660.00","3,660.00","3,660.00","-","0.00%"
"04/12/2018","3,693.00","3,700.00","3,700.00","3,680.00","0.18K","0.90%"
"05/12/2018","3,748.00","3,720.00","3,770.00","3,720.00","0.30K","1.49%"
"06/12/2018","3,700.00","3,700.00","3,700.00","3,700.00","0.18K","-1.28%"
"07/12/2018","3,700.00","3,700.00","3,700.00","3,700.00","0.06K","0.00%"
"10/12/2018","3,700.00","3,700.00","3,700.00","3,700.00","0.06K","0.00%"
"11/12/2018","3,650.00","3,620.00","3,680.00","3,620.00","0.18K","-1.35%"
"12/12/2018","3,700.00","3,700.00","3,700.00","3,700.00","0.12K","1.37%"
"13/12/2018","3,700.00","3,700.00","3,700.00","3,700.00","-","0.00%"
"14/12/2018","3,860.00","3,860.00","3,860.00","3,860.00","0.06K","4.32%"
"17/12/2018","3,860.00","3,860.00","3,860.00","3,860.00","-","0.00%"
"18/12/2018","3,746.00","3,749.00","3,758.00","3,732.00","31.14K","-2.95%"
"19/12/2018","3,772.00","3,759.00","3,806.00","3,751.00","44.93K","0.69%"
"20/12/2018","3,772.00","3,752.00","3,785.00","3,752.00","39.69K","0.00%"
"21/12/2018","3,782.00","3,785.00","3,810.00","3,763.00","28.05K","0.27%"
"24/12/2018","3,756.00","3,783.00","3,783.00","3,741.00","21.79K","-0.69%"
"25/12/2018","3,728.00","3,735.00","3,745.00","3,713.00","25.04K","-0.75%"
"26/12/2018","3,715.00","3,727.00","3,736.00","3,702.00","14.61K","-0.35%"
"27/12/2018","3,713.00","3,712.00","3,755.00","3,686.00","14.25K","-0.05%"
"28/12/2018","3,685.00","3,692.00","3,708.00","3,644.00","13.41K","-0.75%"
"02/01/2019","3,652.00","3,670.00","3,670.00","3,639.00","1.99K","-0.90%"
"03/01/2019","3,639.00","3,619.00","3,652.00","3,619.00","4.80K","-0.36%"
"04/01/2019","3,613.00","3,631.00","3,631.00","3,590.00","6.06K","-0.71%"
"07/01/2019","3,633.00","3,634.00","3,645.00","3,620.00","1.74K","0.55%"
"08/01/2019","3,636.00","3,727.00","3,727.00","3,625.00","1.56K","0.08%"
"09/01/2019","3,635.00","3,607.00","3,647.00","3,607.00","1.20K","-0.03%"
"10/01/2019","3,606.00","3,601.00","3,629.00","3,600.00","1.68K","-0.80%"
"11/01/2019","3,615.00","3,611.00","3,625.00","3,611.00","0.90K","0.25%"
"14/01/2019","3,625.00","3,630.00","3,633.00","3,616.00","0.36K","0.28%"
"15/01/2019","3,594.00","3,601.00","3,601.00","3,581.00","0.60K","-0.86%"
"16/01/2019","3,560.00","3,560.00","3,580.00","3,540.00","0.02K","-0.95%"
"17/01/2019","3,576.00","3,540.00","3,580.00","3,540.00","0.02K","0.45%"
"18/01/2019","3,610.00","3,610.00","3,610.00","3,610.00","-","0.95%"
"21/01/2019","3,610.00","3,610.00","3,610.00","3,610.00","-","0.00%"
"22/01/2019","3,610.00","3,610.00","3,610.00","3,610.00","-","0.00%"
"23/01/2019","3,633.00","3,816.00","3,816.00","3,557.00","0.08K","0.64%"
"24/01/2019","3,630.00","3,630.00","3,630.00","3,630.00","0.00K","-0.08%"
"25/01/2019","3,669.00","3,650.00","3,699.00","3,650.00","0.23K","1.07%"
"28/01/2019","3,653.00","3,670.00","3,670.00","3,530.00","0.20K","-0.44%"
"29/01/2019","3,679.00","3,838.00","3,838.00","3,670.00","0.27K","0.71%"
"30/01/2019","3,700.00","3,679.00","3,760.00","3,660.00","0.08K","0.57%"
"31/01/2019","3,700.00","3,700.00","3,700.00","3,700.00","0.00K","0.00%"
"01/02/2019","3,700.00","3,700.00","3,700.00","3,700.00","-","0.00%"
"11/02/2019","3,700.00","3,700.00","3,700.00","3,700.00","-","0.00%"
"12/02/2019","3,700.00","3,700.00","3,700.00","3,700.00","-","0.00%"
"13/02/2019","3,830.00","3,830.00","3,830.00","3,830.00","0.03K","3.51%"
"14/02/2019","3,800.00","3,800.00","3,800.00","3,800.00","-","-0.78%"
"15/02/2019","3,800.00","3,800.00","3,800.00","3,800.00","-","0.00%"
"18/02/2019","3,728.00","3,728.00","3,728.00","3,728.00","-","-1.89%"
"19/02/2019","3,728.00","3,728.00","3,728.00","3,728.00","-","0.00%"
"20/02/2019","3,728.00","3,728.00","3,728.00","3,728.00","-","0.00%"
"21/02/2019","3,728.00","3,728.00","3,728.00","3,728.00","-","0.00%"
"22/02/2019","3,728.00","3,728.00","3,728.00","3,728.00","-","0.00%"
"25/02/2019","3,728.00","3,728.00","3,728.00","3,728.00","-","0.00%"
"26/02/2019","3,728.00","3,728.00","3,728.00","3,728.00","-","0.00%"
"27/02/2019","3,815.00","3,728.00","3,931.00","3,728.00","0.01K","2.33%"
"28/02/2019","3,871.00","3,931.00","3,931.00","3,786.00","0.02K","1.47%"
"01/03/2019","3,871.00","3,871.00","3,871.00","3,871.00","-","0.00%"
"04/03/2019","3,871.00","3,871.00","3,871.00","3,871.00","-","0.00%"
"05/03/2019","3,871.00","3,871.00","3,871.00","3,871.00","-","0.00%"
"06/03/2019","3,871.00","3,871.00","3,871.00","3,871.00","-","0.00%"
"07/03/2019","3,871.00","3,871.00","3,871.00","3,871.00","-","0.00%"
"08/03/2019","3,871.00","3,871.00","3,871.00","3,871.00","-","0.00%"
"11/03/2019","3,871.00","3,871.00","3,871.00","3,871.00","-","0.00%"
"12/03/2019","3,871.00","3,871.00","3,871.00","3,871.00","-","0.00%"
"13/03/2019","3,871.00","3,871.00","3,871.00","3,871.00","-","0.00%"
"14/03/2019","3,871.00","3,871.00","3,871.00","3,871.00","-","0.00%"
"15/03/2019","3,871.00","3,871.00","3,871.00","3,871.00","-","0.00%"
"18/03/2019","3,662.00","3,662.00","3,662.00","3,662.00","0.00K","-5.40%"
"19/03/2019","3,696.00","3,665.00","3,758.00","3,665.00","0.00K","0.93%"
"20/03/2019","3,726.00","3,700.00","3,784.00","3,676.00","0.01K","0.81%"
"21/03/2019","3,726.00","3,726.00","3,726.00","3,726.00","-","0.00%"
"22/03/2019","3,665.00","3,665.00","3,665.00","3,665.00","0.01K","-1.64%"
"25/03/2019","3,814.00","3,823.00","3,824.00","3,722.00","0.03K","4.07%"
"26/03/2019","3,690.00","3,690.00","3,690.00","3,690.00","0.00K","-3.25%"
"27/03/2019","3,808.00","3,684.00","3,887.00","3,684.00","0.01K","3.20%"
"28/03/2019","3,753.00","3,722.00","3,808.00","3,685.00","0.02K","-1.44%"
"29/03/2019","3,753.00","3,753.00","3,753.00","3,753.00","-","0.00%"
"01/04/2019","3,753.00","3,753.00","3,753.00","3,753.00","-","0.00%"
"02/04/2019","3,753.00","3,753.00","3,753.00","3,753.00","-","0.00%"
"03/04/2019","3,753.00","3,753.00","3,753.00","3,753.00","-","0.00%"
"04/04/2019","3,753.00","3,753.00","3,753.00","3,753.00","-","0.00%"
"08/04/2019","3,753.00","3,753.00","3,753.00","3,753.00","-","0.00%"
"09/04/2019","3,753.00","3,753.00","3,753.00","3,753.00","-","0.00%"
"10/04/2019","3,753.00","3,753.00","3,753.00","3,753.00","-","0.00%"
"11/04/2019","3,753.00","3,753.00","3,753.00","3,753.00","-","0.00%"
"12/04/2019","3,753.00","3,753.00","3,753.00","3,753.00","-","0.00%"
"15/04/2019","3,753.00","3,753.00","3,753.00","3,753.00","-","0.00%"
"16/04/2019","3,984.00","4,015.00","4,015.00","3,961.00","37.91K","6.16%"
"17/04/2019","3,975.00","3,980.00","4,000.00","3,954.00","32.13K","-0.23%"
"18/04/2019","3,952.00","3,993.00","3,993.00","3,930.00","34.33K","-0.58%"
"19/04/2019","3,942.00","3,935.00","3,975.00","3,915.00","26.21K","-0.25%"
"22/04/2019","4,004.00","3,979.00","4,032.00","3,975.00","27.58K","1.57%"
"23/04/2019","3,996.00","3,991.00","4,013.00","3,984.00","15.00K","-0.20%"
"24/04/2019","3,969.00","3,975.00","3,985.00","3,959.00","18.88K","-0.68%"
"25/04/2019","3,980.00","3,968.00","4,009.00","3,956.00","21.81K","0.28%"
"26/04/2019","3,983.00","3,962.00","3,996.00","3,962.00","12.06K","0.08%"
"29/04/2019","3,996.00","3,974.00","4,018.00","3,974.00","11.98K","0.33%"
"30/04/2019","4,053.00","4,009.00","4,144.00","3,998.00","14.14K","1.43%"
"06/05/2019","4,059.00","4,089.00","4,090.00","4,031.00","2.35K","0.15%"
"07/05/2019","4,079.00","4,064.00","4,098.00","4,055.00","1.41K","0.49%"
"08/05/2019","4,074.00","4,070.00","4,085.00","4,058.00","1.95K","-0.12%"
"09/05/2019","4,086.00","4,078.00","4,100.00","4,073.00","0.84K","0.29%"
"10/05/2019","4,121.00","4,100.00","4,148.00","4,100.00","1.62K","0.86%"
"13/05/2019","4,102.00","4,140.00","4,140.00","4,090.00","0.33K","-0.46%"
"14/05/2019","4,053.00","4,060.00","4,060.00","4,049.00","0.09K","-1.19%"
"15/05/2019","4,053.00","4,053.00","4,053.00","4,053.00","-","0.00%"
"16/05/2019","4,011.00","4,010.00","4,020.00","4,010.00","0.02K","-1.04%"
"17/05/2019","4,025.00","4,025.00","4,025.00","4,025.00","0.02K","0.35%"
"20/05/2019","4,000.00","4,000.00","4,000.00","4,000.00","-","-0.62%"
"21/05/2019","4,061.00","4,020.00","4,085.00","4,020.00","0.06K","1.53%"
"22/05/2019","4,096.00","4,061.00","4,101.00","4,061.00","0.13K","0.86%"
"23/05/2019","4,122.00","4,092.00","4,140.00","4,092.00","0.11K","0.63%"
"24/05/2019","4,122.00","4,122.00","4,122.00","4,122.00","0.00K","0.00%"
"27/05/2019","4,132.00","4,133.00","4,133.00","4,132.00","0.00K","0.24%"
"28/05/2019","4,112.00","4,115.00","4,118.00","4,100.00","0.01K","-0.48%"
"29/05/2019","4,105.00","4,105.00","4,105.00","4,105.00","0.01K","-0.17%"
"30/05/2019","4,000.00","4,000.00","4,000.00","4,000.00","0.01K","-2.56%"
"31/05/2019","3,945.00","3,941.00","3,950.00","3,941.00","0.01K","-1.38%"
"03/06/2019","3,945.00","3,945.00","3,945.00","3,945.00","-","0.00%"
"04/06/2019","3,945.00","3,945.00","3,945.00","3,945.00","-","0.00%"
"05/06/2019","3,945.00","3,945.00","3,945.00","3,945.00","-","0.00%"
"06/06/2019","3,945.00","3,945.00","3,945.00","3,945.00","-","0.00%"
"10/06/2019","3,945.00","3,945.00","3,945.00","3,945.00","-","0.00%"
"11/06/2019","3,945.00","3,945.00","3,945.00","3,945.00","-","0.00%"
"12/06/2019","3,945.00","3,945.00","3,945.00","3,945.00","-","0.00%"
"13/06/2019","3,945.00","3,945.00","3,945.00","3,945.00","-","0.00%"
"14/06/2019","3,945.00","3,945.00","3,945.00","3,945.00","-","0.00%"
"17/06/2019","3,945.00","3,945.00","3,945.00","3,945.00","-","0.00%"
"18/06/2019","3,755.00","3,646.00","3,864.00","3,646.00","0.00K","-4.82%"
"19/06/2019","3,755.00","3,755.00","3,755.00","3,755.00","-","0.00%"
"20/06/2019","3,755.00","3,755.00","3,755.00","3,755.00","-","0.00%"
"21/06/2019","3,755.00","3,755.00","3,755.00","3,755.00","-","0.00%"
"24/06/2019","3,755.00","3,755.00","3,755.00","3,755.00","-","0.00%"
"25/06/2019","3,755.00","3,755.00","3,755.00","3,755.00","-","0.00%"
"26/06/2019","3,755.00","3,755.00","3,755.00","3,755.00","-","0.00%"
"27/06/2019","3,755.00","3,755.00","3,755.00","3,755.00","-","0.00%"
"28/06/2019","3,755.00","3,755.00","3,755.00","3,755.00","-","0.00%"
"01/07/2019","3,755.00","3,755.00","3,755.00","3,755.00","-","0.00%"
"02/07/2019","3,755.00","3,755.00","3,755.00","3,755.00","-","0.00%"
"03/07/2019","3,755.00","3,755.00","3,755.00","3,755.00","-","0.00%"
"04/07/2019","3,755.00","3,755.00","3,755.00","3,755.00","-","0.00%"
"05/07/2019","3,755.00","3,755.00","3,755.00","3,755.00","-","0.00%"
"08/07/2019","3,755.00","3,755.00","3,755.00","3,755.00","-","0.00%"
"09/07/2019","3,755.00","3,755.00","3,755.00","3,755.00","-","0.00%"
"10/07/2019","3,755.00","3,755.00","3,755.00","3,755.00","-","0.00%"
"11/07/2019","3,755.00","3,755.00","3,755.00","3,755.00","-","0.00%"
"12/07/2019","3,755.00","3,755.00","3,755.00","3,755.00","-","0.00%"
"15/07/2019","3,755.00","3,755.00","3,755.00","3,755.00","-","0.00%"
"16/07/2019","3,944.00","3,954.00","3,954.00","3,930.00","0.00K","5.03%"
"17/07/2019","3,929.00","3,929.00","3,929.00","3,929.00","0.01K","-0.38%"
"18/07/2019","3,929.00","3,929.00","3,929.00","3,929.00","-","0.00%"
"19/07/2019","3,929.00","3,929.00","3,929.00","3,929.00","-","0.00%"
"22/07/2019","3,944.00","3,950.00","3,950.00","3,939.00","0.00K","0.38%"
"23/07/2019","3,944.00","3,944.00","3,944.00","3,944.00","-","0.00%"
"24/07/2019","3,829.00","3,829.00","3,829.00","3,829.00","0.00K","-2.92%"
"25/07/2019","3,850.00","3,850.00","3,850.00","3,850.00","0.00K","0.55%"
"26/07/2019","3,880.00","3,880.00","3,880.00","3,880.00","0.00K","0.78%"
"29/07/2019","3,853.00","3,880.00","3,880.00","3,849.00","0.02K","-0.70%"
"30/07/2019","3,968.00","3,976.00","3,978.00","3,946.00","0.02K","2.98%"
"31/07/2019","3,902.00","3,949.00","3,950.00","3,766.00","0.01K","-1.66%"
"01/08/2019","3,902.00","3,902.00","3,902.00","3,902.00","-","0.00%"
"02/08/2019","3,902.00","3,902.00","3,902.00","3,902.00","-","0.00%"
"05/08/2019","3,902.00","3,902.00","3,902.00","3,902.00","-","0.00%"
"06/08/2019","3,902.00","3,902.00","3,902.00","3,902.00","-","0.00%"
"07/08/2019","3,902.00","3,902.00","3,902.00","3,902.00","-","0.00%"
"08/08/2019","3,902.00","3,902.00","3,902.00","3,902.00","-","0.00%"
"09/08/2019","3,902.00","3,902.00","3,902.00","3,902.00","-","0.00%"
"12/08/2019","3,902.00","3,902.00","3,902.00","3,902.00","-","0.00%"
"13/08/2019","3,720.00","3,720.00","3,720.00","3,720.00","-","-4.66%"
"14/08/2019","3,750.00","3,750.00","3,750.00","3,750.00","0.06K","0.81%"
"15/08/2019","3,800.00","3,800.00","3,800.00","3,800.00","0.03K","1.33%"
"16/08/2019","3,763.00","3,743.00","3,775.00","3,743.00","0.29K","-0.97%"
"19/08/2019","3,761.00","3,762.00","3,778.00","3,753.00","0.02K","-0.05%"
"20/08/2019","3,758.00","3,790.00","3,790.00","3,730.00","0.01K","-0.08%"
"21/08/2019","3,707.00","3,746.00","3,746.00","3,681.00","0.06K","-1.36%"
"22/08/2019","3,718.00","3,721.00","3,721.00","3,690.00","0.34K","0.30%"
"23/08/2019","3,729.00","3,743.00","3,743.00","3,725.00","0.00K","0.30%"
"26/08/2019","3,678.00","3,684.00","3,685.00","3,671.00","0.03K","-1.37%"
"27/08/2019","3,617.00","3,587.00","3,706.00","3,587.00","0.02K","-1.66%"
"28/08/2019","3,585.00","3,575.00","3,620.00","3,575.00","2.18K","-0.88%"
"29/08/2019","3,582.00","3,616.00","3,616.00","3,561.00","0.00K","-0.08%"
"30/08/2019","3,602.00","3,578.00","3,618.00","3,578.00","0.04K","0.56%"
"02/09/2019","3,675.00","3,660.00","3,690.00","3,660.00","0.06K","2.03%"
"03/09/2019","3,688.00","3,687.00","3,690.00","3,687.00","0.06K","0.35%"
"04/09/2019","3,688.00","3,688.00","3,688.00","3,688.00","-","0.00%"
"05/09/2019","3,700.00","3,700.00","3,700.00","3,700.00","0.03K","0.33%"
"06/09/2019","3,650.00","3,650.00","3,650.00","3,650.00","0.03K","-1.35%"
"09/09/2019","3,708.00","3,690.00","3,730.00","3,690.00","0.42K","1.59%"
"10/09/2019","3,715.00","3,710.00","3,720.00","3,710.00","0.09K","0.19%"
"11/09/2019","3,698.00","3,700.00","3,700.00","3,690.00","0.27K","-0.46%"
"12/09/2019","3,680.00","3,680.00","3,680.00","3,680.00","0.03K","-0.49%"
"16/09/2019","3,760.00","3,760.00","3,760.00","3,760.00","0.03K","2.17%"
"17/09/2019","3,713.00","3,721.00","3,732.00","3,692.00","19.91K","-1.25%"
"18/09/2019","3,701.00","3,720.00","3,720.00","3,685.00","18.29K","-0.32%"
"19/09/2019","3,649.00","3,687.00","3,687.00","3,600.00","33.69K","-1.41%"
"20/09/2019","3,593.00","3,607.00","3,614.00","3,573.00","23.81K","-1.53%"
"23/09/2019","3,651.00","3,607.00","3,710.00","3,588.00","24.12K","1.61%"
"24/09/2019","3,716.00","3,700.00","3,740.00","3,676.00","14.66K","1.78%"
"25/09/2019","3,694.00","3,698.00","3,710.00","3,679.00","5.69K","-0.59%"
"26/09/2019","3,659.00","3,681.00","3,701.00","3,622.00","8.91K","-0.95%"
"27/09/2019","3,610.00","3,640.00","3,641.00","3,590.00","7.65K","-1.34%"
"30/09/2019","3,599.00","3,600.00","3,629.00","3,570.00","14.57K","-0.30%"
"08/10/2019","3,579.00","3,580.00","3,599.00","3,560.00","3.11K","-0.56%"
"09/10/2019","3,565.00","3,591.00","3,591.00","3,550.00","2.85K","-0.39%"
"10/10/2019","3,566.00","3,562.00","3,598.00","3,541.00","3.87K","0.03%"
"11/10/2019","3,523.00","3,540.00","3,540.00","3,517.00","2.28K","-1.21%"
"14/10/2019","3,526.00","3,530.00","3,550.00","3,510.00","2.10K","0.09%"
"15/10/2019","3,507.00","3,500.00","3,548.00","3,450.00","2.04K","-0.54%"
"16/10/2019","3,346.00","3,354.00","3,354.00","3,342.00","0.00K","-4.59%"
"17/10/2019","3,336.00","3,338.00","3,338.00","3,335.00","0.00K","-0.30%"
"18/10/2019","3,356.00","3,356.00","3,360.00","3,331.00","0.03K","0.60%"
"21/10/2019","3,356.00","3,356.00","3,356.00","3,356.00","-","0.00%"
"22/10/2019","3,366.00","3,366.00","3,366.00","3,366.00","-","0.30%"
"23/10/2019","3,366.00","3,366.00","3,366.00","3,366.00","-","0.00%"
"24/10/2019","3,309.00","3,301.00","3,349.00","3,301.00","0.01K","-1.69%"
"25/10/2019","3,383.00","3,350.00","3,449.00","3,350.00","0.00K","2.24%"
"28/10/2019","3,350.00","3,350.00","3,350.00","3,350.00","0.00K","-0.98%"
"29/10/2019","3,414.00","3,399.00","3,419.00","3,399.00","0.01K","1.91%"
"30/10/2019","3,405.00","3,400.00","3,449.00","3,400.00","0.02K","-0.26%"
"31/10/2019","3,463.00","3,459.00","3,479.00","3,456.00","0.00K","1.70%"
"01/11/2019","3,463.00","3,463.00","3,463.00","3,463.00","-","0.00%"
"04/11/2019","3,466.00","3,463.00","3,470.00","3,463.00","0.06K","0.09%"
"05/11/2019","3,490.00","3,480.00","3,500.00","3,480.00","0.06K","0.69%"
"06/11/2019","3,490.00","3,490.00","3,490.00","3,490.00","-","0.00%"
"07/11/2019","3,450.00","3,450.00","3,450.00","3,450.00","0.03K","-1.15%"
"08/11/2019","3,450.00","3,450.00","3,450.00","3,450.00","-","0.00%"
"11/11/2019","3,450.00","3,450.00","3,450.00","3,450.00","-","0.00%"
"12/11/2019","3,460.00","3,460.00","3,460.00","3,460.00","0.03K","0.29%"
"13/11/2019","3,460.00","3,460.00","3,460.00","3,460.00","-","0.00%"
"14/11/2019","3,550.00","3,550.00","3,550.00","3,550.00","0.03K","2.60%"
"15/11/2019","3,550.00","3,550.00","3,550.00","3,550.00","-","0.00%"
"18/11/2019","3,500.00","3,500.00","3,500.00","3,500.00","-","-1.41%"
"19/11/2019","3,500.00","3,500.00","3,500.00","3,500.00","-","0.00%"
"20/11/2019","3,580.00","3,580.00","3,580.00","3,580.00","-","2.29%"
"21/11/2019","3,580.00","3,580.00","3,580.00","3,580.00","-","0.00%"
"22/11/2019","3,585.00","3,585.00","3,585.00","3,585.00","-","0.14%"
"25/11/2019","3,759.00","3,759.00","3,759.00","3,759.00","0.00K","4.85%"
"26/11/2019","3,641.00","3,725.00","3,725.00","3,533.00","0.01K","-3.14%"
"27/11/2019","3,641.00","3,641.00","3,641.00","3,641.00","-","0.00%"
"28/11/2019","3,522.00","3,522.00","3,522.00","3,522.00","-","-3.27%"
"29/11/2019","3,519.00","3,565.00","3,565.00","3,500.00","0.07K","-0.09%"
"02/12/2019","3,519.00","3,519.00","3,519.00","3,519.00","-","0.00%"
"03/12/2019","3,519.00","3,519.00","3,519.00","3,519.00","-","0.00%"
"04/12/2019","3,519.00","3,519.00","3,519.00","3,519.00","-","0.00%"
"05/12/2019","3,519.00","3,519.00","3,519.00","3,519.00","-","0.00%"
"06/12/2019","3,519.00","3,519.00","3,519.00","3,519.00","-","0.00%"
"09/12/2019","3,519.00","3,519.00","3,519.00","3,519.00","-","0.00%"
"10/12/2019","3,519.00","3,519.00","3,519.00","3,519.00","-","0.00%"
"11/12/2019","3,519.00","3,519.00","3,519.00","3,519.00","-","0.00%"
"12/12/2019","3,519.00","3,519.00","3,519.00","3,519.00","-","0.00%"
"13/12/2019","3,519.00","3,519.00","3,519.00","3,519.00","-","0.00%"
"16/12/2019","3,519.00","3,519.00","3,519.00","3,519.00","-","0.00%"
"17/12/2019","3,711.00","3,720.00","3,745.00","3,687.00","67.02K","5.46%"
"18/12/2019","3,722.00","3,723.00","3,740.00","3,708.00","49.36K","0.30%"
"19/12/2019","3,723.00","3,725.00","3,738.00","3,707.00","44.79K","0.03%"
"20/12/2019","3,716.00","3,710.00","3,728.00","3,709.00","38.58K","-0.19%"
"23/12/2019","3,745.00","3,710.00","3,781.00","3,710.00","63.03K","0.78%"
"24/12/2019","3,741.00","3,750.00","3,761.00","3,731.00","42.38K","-0.11%"
"25/12/2019","3,735.00","3,741.00","3,752.00","3,718.00","25.27K","-0.16%"
"26/12/2019","3,712.00","3,711.00","3,750.00","3,670.00","55.66K","-0.62%"
"27/12/2019","3,744.00","3,731.00","3,757.00","3,731.00","15.07K","0.86%"
"30/12/2019","3,760.00","3,745.00","3,779.00","3,739.00","17.30K","0.43%"
"31/12/2019","3,774.00","3,765.00","3,792.00","3,753.00","23.70K","0.37%"
"02/01/2020","3,751.00","3,768.00","3,778.00","3,742.00","6.43K","-0.61%"
"03/01/2020","3,757.00","3,758.00","3,763.00","3,750.00","3.87K","0.16%"
"06/01/2020","3,764.00","3,760.00","3,779.00","3,755.00","4.62K","0.19%"
"07/01/2020","3,770.00","3,765.00","3,780.00","3,762.00","3.03K","0.16%"
"08/01/2020","3,795.00","3,768.00","3,815.00","3,767.00","3.15K","0.66%"
"09/01/2020","3,819.00","3,818.00","3,830.00","3,800.00","2.88K","0.63%"
"10/01/2020","3,813.00","3,792.00","3,829.00","3,791.00","2.76K","-0.16%"
"13/01/2020","3,798.00","3,801.00","3,808.00","3,780.00","0.75K","-0.39%"
"14/01/2020","3,801.00","3,781.00","3,820.00","3,777.00","0.90K","0.08%"
"15/01/2020","3,841.00","3,800.00","3,874.00","3,798.00","3.66K","1.05%"
"16/01/2020","3,713.00","3,713.00","3,713.00","3,713.00","0.00K","-3.33%"
"17/01/2020","3,781.00","3,759.00","3,800.00","3,759.00","0.09K","1.83%"
"20/01/2020","3,814.00","3,801.00","3,817.00","3,801.00","0.01K","0.87%"
"21/01/2020","3,794.00","3,798.00","3,820.00","3,790.00","0.05K","-0.52%"
"22/01/2020","3,873.00","3,920.00","3,920.00","3,850.00","0.00K","2.08%"
"23/01/2020","3,873.00","3,873.00","3,873.00","3,873.00","-","0.00%"
"03/02/2020","3,567.00","3,570.00","3,570.00","3,563.00","0.00K","-7.90%"
"04/02/2020","3,520.00","3,520.00","3,520.00","3,520.00","0.03K","-1.32%"
"05/02/2020","3,450.00","3,450.00","3,450.00","3,450.00","0.03K","-1.99%"
"06/02/2020","3,420.00","3,420.00","3,420.00","3,420.00","0.09K","-0.87%"
"07/02/2020","3,420.00","3,420.00","3,420.00","3,420.00","0.03K","0.00%"
"10/02/2020","3,420.00","3,420.00","3,420.00","3,420.00","-","0.00%"
"11/02/2020","3,420.00","3,420.00","3,420.00","3,420.00","-","0.00%"
"12/02/2020","3,420.00","3,420.00","3,420.00","3,420.00","-","0.00%"
"13/02/2020","3,420.00","3,420.00","3,420.00","3,420.00","-","0.00%"
"14/02/2020","3,420.00","3,420.00","3,420.00","3,420.00","-","0.00%"
"17/02/2020","3,420.00","3,420.00","3,420.00","3,420.00","-","0.00%"
"18/02/2020","3,451.00","3,451.00","3,451.00","3,451.00","-","0.91%"
"19/02/2020","3,451.00","3,451.00","3,451.00","3,451.00","-","0.00%"
"20/02/2020","3,519.00","3,520.00","3,520.00","3,519.00","0.02K","1.97%"
"21/02/2020","3,538.00","3,510.00","3,550.00","3,510.00","0.07K","0.54%"
"24/02/2020","3,550.00","3,550.00","3,550.00","3,550.00","0.03K","0.34%"
"25/02/2020","3,609.00","3,610.00","3,610.00","3,606.00","0.03K","1.66%"
"26/02/2020","3,600.00","3,600.00","3,600.00","3,600.00","0.03K","-0.25%"
"27/02/2020","3,598.00","3,591.00","3,600.00","3,591.00","0.01K","-0.06%"
"28/02/2020","3,546.00","3,550.00","3,600.00","3,500.00","0.01K","-1.45%"
"02/03/2020","3,546.00","3,546.00","3,546.00","3,546.00","-","0.00%"
"03/03/2020","3,550.00","3,550.00","3,550.00","3,550.00","0.03K","0.11%"
"04/03/2020","3,550.00","3,550.00","3,550.00","3,550.00","-","0.00%"
"05/03/2020","3,570.00","3,570.00","3,570.00","3,570.00","0.03K","0.56%"
"06/03/2020","3,570.00","3,570.00","3,570.00","3,570.00","-","0.00%"
"09/03/2020","3,500.00","3,500.00","3,500.00","3,500.00","0.09K","-1.96%"
"10/03/2020","3,500.00","3,500.00","3,500.00","3,500.00","-","0.00%"
"11/03/2020","3,500.00","3,500.00","3,500.00","3,500.00","-","0.00%"
"12/03/2020","3,500.00","3,500.00","3,500.00","3,500.00","-","0.00%"
"13/03/2020","3,520.00","3,520.00","3,520.00","3,520.00","-","0.57%"
"16/03/2020","3,520.00","3,520.00","3,520.00","3,520.00","-","0.00%"
"17/03/2020","3,600.00","3,600.00","3,600.00","3,600.00","-","2.27%"
"18/03/2020","3,603.00","3,751.00","3,751.00","3,530.00","0.00K","0.08%"
"19/03/2020","3,504.00","3,550.00","3,550.00","3,500.00","0.02K","-2.75%"
"20/03/2020","3,450.00","3,450.00","3,450.00","3,450.00","-","-1.54%"
"23/03/2020","3,400.00","3,400.00","3,400.00","3,400.00","-","-1.45%"
"24/03/2020","3,350.00","3,350.00","3,350.00","3,350.00","-","-1.47%"
"25/03/2020","3,350.00","3,350.00","3,350.00","3,350.00","-","0.00%"
"26/03/2020","3,350.00","3,350.00","3,352.00","3,350.00","0.03K","0.00%"
"27/03/2020","3,350.00","3,350.00","3,350.00","3,350.00","-","0.00%"
"30/03/2020","3,153.00","3,350.00","3,350.00","3,140.00","0.03K","-5.88%"
"31/03/2020","3,153.00","3,153.00","3,153.00","3,153.00","-","0.00%"
"01/04/2020","3,153.00","3,153.00","3,153.00","3,153.00","-","0.00%"
"02/04/2020","3,153.00","3,153.00","3,153.00","3,153.00","-","0.00%"
"03/04/2020","3,153.00","3,153.00","3,153.00","3,153.00","-","0.00%"
"07/04/2020","3,200.00","3,200.00","3,200.00","3,200.00","0.03K","1.49%"
"08/04/2020","3,200.00","3,200.00","3,200.00","3,200.00","-","0.00%"
"09/04/2020","3,200.00","3,200.00","3,200.00","3,200.00","-","0.00%"
"10/04/2020","3,200.00","3,200.00","3,200.00","3,200.00","-","0.00%"
"13/04/2020","3,200.00","3,200.00","3,200.00","3,200.00","-","0.00%"
"14/04/2020","3,200.00","3,200.00","3,200.00","3,200.00","-","0.00%"
"15/04/2020","3,200.00","3,200.00","3,200.00","3,200.00","-","0.00%"
"16/04/2020","3,358.00","3,348.00","3,386.00","3,332.00","31.24K","4.94%"
"17/04/2020","3,387.00","3,363.00","3,412.00","3,363.00","32.17K","0.86%"
"20/04/2020","3,370.00","3,380.00","3,387.00","3,361.00","16.63K","-0.50%"
"21/04/2020","3,328.00","3,343.00","3,358.00","3,306.00","26.82K","-1.25%"
"22/04/2020","3,327.00","3,330.00","3,350.00","3,304.00","20.16K","-0.03%"
"23/04/2020","3,335.00","3,340.00","3,362.00","3,310.00","13.85K","0.24%"
"24/04/2020","3,325.00","3,305.00","3,344.00","3,305.00","12.02K","-0.30%"
"27/04/2020","3,330.00","3,341.00","3,347.00","3,314.00","11.72K","0.15%"
"28/04/2020","3,313.00","3,327.00","3,345.00","3,297.00","13.51K","-0.51%"
"29/04/2020","3,322.00","3,303.00","3,340.00","3,303.00","7.98K","0.27%"
"30/04/2020","3,316.00","3,325.00","3,340.00","3,291.00","16.16K","-0.18%"
"06/05/2020","3,322.00","3,320.00","3,333.00","3,306.00","3.24K","0.18%"
"07/05/2020","3,350.00","3,329.00","3,370.00","3,323.00","3.96K","0.84%"
"08/05/2020","3,384.00","3,363.00","3,405.00","3,361.00","7.65K","1.01%"
"11/05/2020","3,378.00","3,380.00","3,385.00","3,372.00","4.62K","-0.18%"
"12/05/2020","3,381.00","3,376.00","3,400.00","3,375.00","2.31K","0.09%"
"13/05/2020","3,393.00","3,401.00","3,401.00","3,385.00","0.36K","0.35%"
"14/05/2020","3,414.00","3,419.00","3,419.00","3,410.00","1.20K","0.62%"
"15/05/2020","3,415.00","3,415.00","3,429.00","3,385.00","1.38K","0.03%"
"18/05/2020","3,413.00","3,399.00","3,430.00","3,350.00","0.28K","-0.06%"
"19/05/2020","3,411.00","3,411.00","3,411.00","3,411.00","0.00K","-0.06%"
"20/05/2020","3,493.00","3,449.00","3,550.00","3,427.00","0.48K","2.40%"
"21/05/2020","3,551.00","3,523.00","3,598.00","3,523.00","0.02K","1.66%"
"22/05/2020","3,512.00","3,550.00","3,550.00","3,505.00","0.12K","-1.10%"
"25/05/2020","3,500.00","3,500.00","3,500.00","3,500.00","0.01K","-0.34%"
"26/05/2020","3,499.00","3,500.00","3,500.00","3,499.00","0.02K","-0.03%"
"27/05/2020","3,473.00","3,359.00","3,500.00","3,359.00","0.01K","-0.74%"
"28/05/2020","3,509.00","3,436.00","3,628.00","3,432.00","0.22K","1.04%"
"29/05/2020","3,546.00","3,500.00","3,754.00","3,373.00","0.25K","1.05%"
"01/06/2020","3,585.00","3,550.00","3,620.00","3,550.00","0.06K","1.10%"
"02/06/2020","3,650.00","3,650.00","3,650.00","3,650.00","0.03K","1.81%"
"03/06/2020","3,650.00","3,650.00","3,650.00","3,650.00","-","0.00%"
"04/06/2020","3,605.00","3,590.00","3,620.00","3,590.00","0.06K","-1.23%"
"05/06/2020","3,605.00","3,605.00","3,605.00","3,605.00","0.45K","0.00%"
"08/06/2020","3,650.00","3,650.00","3,650.00","3,650.00","0.06K","1.25%"
"09/06/2020","3,650.00","3,650.00","3,650.00","3,650.00","-","0.00%"
"10/06/2020","3,630.00","3,630.00","3,630.00","3,630.00","0.03K","-0.55%"
"11/06/2020","3,630.00","3,630.00","3,630.00","3,630.00","-","0.00%"
"12/06/2020","3,630.00","3,630.00","3,630.00","3,630.00","-","0.00%"
"15/06/2020","3,630.00","3,630.00","3,630.00","3,630.00","-","0.00%"
"16/06/2020","3,621.00","3,621.00","3,621.00","3,621.00","-","-0.25%"
"17/06/2020","3,628.00","3,620.00","3,651.00","3,620.00","0.01K","0.19%"
"18/06/2020","3,671.00","3,780.00","3,780.00","3,573.00","0.01K","1.19%"
"19/06/2020","3,687.00","3,687.00","3,687.00","3,687.00","-","0.44%"
"22/06/2020","3,732.00","3,732.00","3,732.00","3,732.00","0.00K","1.22%"
"23/06/2020","3,732.00","3,732.00","3,732.00","3,732.00","-","0.00%"
"24/06/2020","3,732.00","3,732.00","3,732.00","3,732.00","-","0.00%"
"29/06/2020","3,692.00","3,692.00","3,692.00","3,692.00","0.00K","-1.07%"
"30/06/2020","3,693.00","3,692.00","3,718.00","3,692.00","0.15K","0.03%"
"01/07/2020","3,700.00","3,700.00","3,700.00","3,700.00","0.03K","0.19%"
"02/07/2020","3,700.00","3,700.00","3,700.00","3,700.00","-","0.00%"
"03/07/2020","3,700.00","3,700.00","3,700.00","3,700.00","-","0.00%"
"06/07/2020","3,721.00","3,721.00","3,721.00","3,721.00","-","0.57%"
"07/07/2020","3,721.00","3,721.00","3,721.00","3,721.00","-","0.00%"
"08/07/2020","3,721.00","3,721.00","3,721.00","3,721.00","-","0.00%"
"09/07/2020","3,721.00","3,721.00","3,721.00","3,721.00","-","0.00%"
"10/07/2020","3,870.00","3,870.00","3,870.00","3,870.00","0.03K","4.00%"
"13/07/2020","3,800.00","3,800.00","3,800.00","3,800.00","0.21K","-1.81%"
"14/07/2020","3,800.00","3,800.00","3,800.00","3,800.00","-","0.00%"
"15/07/2020","3,891.00","3,903.00","3,903.00","3,880.00","0.06K","2.39%"
"16/07/2020","3,887.00","3,887.00","3,887.00","3,887.00","0.00K","-0.10%"
"17/07/2020","3,870.00","3,870.00","3,870.00","3,870.00","0.00K","-0.44%"
"20/07/2020","3,854.00","3,865.00","3,876.00","3,850.00","0.04K","-0.41%"
"21/07/2020","3,854.00","3,854.00","3,854.00","3,854.00","-","0.00%"
"22/07/2020","3,899.00","3,900.00","3,900.00","3,898.00","0.01K","1.17%"
"23/07/2020","3,907.00","3,905.00","3,908.00","3,905.00","0.01K","0.21%"
"24/07/2020","3,907.00","3,907.00","3,907.00","3,907.00","-","0.00%"
"27/07/2020","3,853.00","3,852.00","3,860.00","3,850.00","0.01K","-1.38%"
"28/07/2020","3,880.00","3,909.00","3,909.00","3,851.00","0.00K","0.70%"
"29/07/2020","3,891.00","3,894.00","3,896.00","3,885.00","0.01K","0.28%"
"30/07/2020","3,920.00","3,920.00","3,922.00","3,920.00","0.10K","0.75%"
"31/07/2020","4,000.00","3,920.00","4,155.00","3,881.00","0.04K","2.04%"
"03/08/2020","4,000.00","4,000.00","4,000.00","4,000.00","-","0.00%"
"04/08/2020","4,030.00","4,030.00","4,030.00","4,030.00","0.03K","0.75%"
"05/08/2020","4,030.00","4,030.00","4,030.00","4,030.00","-","0.00%"
"06/08/2020","4,030.00","4,030.00","4,030.00","4,030.00","-","0.00%"
"07/08/2020","4,030.00","4,030.00","4,030.00","4,030.00","-","0.00%"
"10/08/2020","4,030.00","4,030.00","4,030.00","4,030.00","0.06K","0.00%"
"11/08/2020","4,030.00","4,030.00","4,030.00","4,030.00","-","0.00%"
"12/08/2020","4,030.00","4,030.00","4,030.00","4,030.00","0.06K","0.00%"
"13/08/2020","4,030.00","4,030.00","4,030.00","4,030.00","-","0.00%"
"14/08/2020","4,030.00","4,030.00","4,030.00","4,030.00","-","0.00%"
"17/08/2020","4,030.00","4,030.00","4,030.00","4,030.00","-","0.00%"
"18/08/2020","4,070.00","4,044.00","4,085.00","4,034.00","0.04K","0.99%"
"19/08/2020","4,053.00","4,061.00","4,061.00","4,036.00","0.01K","-0.42%"
"20/08/2020","4,022.00","4,022.00","4,025.00","3,995.00","0.18K","-0.76%"
"21/08/2020","4,009.00","4,014.00","4,018.00","4,001.00","0.01K","-0.32%"
"24/08/2020","4,000.00","4,001.00","4,007.00","3,995.00","0.04K","-0.22%"
"25/08/2020","4,094.00","4,078.00","4,170.00","4,052.00","0.05K","2.35%"
"26/08/2020","4,045.00","4,046.00","4,051.00","4,034.00","0.03K","-1.20%"
"27/08/2020","4,081.00","4,076.00","4,096.00","4,069.00","0.01K","0.89%"
"28/08/2020","4,046.00","4,046.00","4,046.00","4,046.00","0.01K","-0.86%"
"31/08/2020","4,080.00","4,100.00","4,279.00","3,978.00","0.09K","0.84%"
"01/09/2020","4,085.00","4,080.00","4,090.00","4,080.00","0.06K","0.12%"
"02/09/2020","4,085.00","4,085.00","4,085.00","4,085.00","-","0.00%"
"03/09/2020","4,085.00","4,085.00","4,085.00","4,085.00","-","0.00%"
"04/09/2020","4,085.00","4,085.00","4,085.00","4,085.00","-","0.00%"
"07/09/2020","4,040.00","4,040.00","4,040.00","4,040.00","-","-1.10%"
"08/09/2020","4,040.00","4,040.00","4,040.00","4,040.00","-","0.00%"
"09/09/2020","4,040.00","4,040.00","4,040.00","4,040.00","-","0.00%"
"10/09/2020","3,990.00","3,990.00","3,990.00","3,990.00","-","-1.24%"
"11/09/2020","3,950.00","3,950.00","3,950.00","3,950.00","0.03K","-1.00%"
"14/09/2020","3,950.00","3,950.00","3,950.00","3,950.00","-","0.00%"
"15/09/2020","3,950.00","3,950.00","3,950.00","3,950.00","-","0.00%"
"16/09/2020","3,860.00","3,870.00","3,882.00","3,834.00","38.87K","-2.28%"
"17/09/2020","3,842.00","3,845.00","3,855.00","3,830.00","33.69K","-0.47%"
"18/09/2020","3,862.00","3,852.00","3,880.00","3,838.00","28.85K","0.52%"
"21/09/2020","3,835.00","3,874.00","3,874.00","3,817.00","26.24K","-0.70%"
"22/09/2020","3,823.00","3,830.00","3,835.00","3,801.00","20.23K","-0.31%"
"23/09/2020","3,831.00","3,828.00","3,846.00","3,815.00","17.36K","0.21%"
"24/09/2020","3,834.00","3,853.00","3,853.00","3,822.00","10.59K","0.08%"
"25/09/2020","3,837.00","3,832.00","3,848.00","3,826.00","11.97K","0.08%"
"28/09/2020","3,835.00","3,837.00","3,849.00","3,820.00","10.97K","-0.05%"
"29/09/2020","3,826.00","3,831.00","3,839.00","3,819.00","12.91K","-0.23%"
"30/09/2020","3,850.00","3,833.00","3,859.00","3,826.00","9.55K","0.63%"
"09/10/2020","3,871.00","3,865.00","3,897.00","3,855.00","6.53K","0.55%"
"12/10/2020","3,940.00","3,889.00","3,980.00","3,889.00","3.87K","1.78%"
"13/10/2020","3,961.00","3,970.00","3,980.00","3,940.00","1.32K","0.53%"
"14/10/2020","3,945.00","3,950.00","3,953.00","3,940.00","0.24K","-0.40%"
"15/10/2020","3,921.00","3,920.00","3,950.00","3,870.00","0.66K","-0.61%"
"16/10/2020","3,852.00","3,841.00","3,861.00","3,836.00","0.01K","-1.76%"
"19/10/2020","3,865.00","3,948.00","3,948.00","3,834.00","0.01K","0.34%"
"20/10/2020","3,838.00","3,834.00","3,878.00","3,822.00","0.06K","-0.70%"
"21/10/2020","3,838.00","3,838.00","3,838.00","3,838.00","-","0.00%"
"22/10/2020","3,838.00","3,838.00","3,838.00","3,838.00","-","0.00%"
"23/10/2020","3,838.00","3,838.00","3,838.00","3,838.00","-","0.00%"
"26/10/2020","3,852.00","3,938.00","3,938.00","3,747.00","0.01K","0.36%"
"27/10/2020","3,841.00","3,830.00","3,853.00","3,830.00","0.00K","-0.29%"
"28/10/2020","3,829.00","3,781.00","3,842.00","3,781.00","0.01K","-0.31%"
"29/10/2020","3,832.00","3,845.00","3,845.00","3,821.00","0.01K","0.08%"
"30/10/2020","3,753.00","3,790.00","3,882.00","3,604.00","0.08K","-2.06%"
"02/11/2020","3,904.00","3,890.00","3,929.00","3,890.00","0.27K","4.02%"
"03/11/2020","3,907.00","3,904.00","3,910.00","3,904.00","0.06K","0.08%"
"04/11/2020","3,907.00","3,907.00","3,907.00","3,907.00","-","0.00%"
"05/11/2020","3,907.00","3,907.00","3,907.00","3,907.00","-","0.00%"
"06/11/2020","3,907.00","3,907.00","3,907.00","3,907.00","-","0.00%"
"09/11/2020","3,907.00","3,907.00","3,907.00","3,907.00","-","0.00%"
"10/11/2020","3,907.00","3,907.00","3,907.00","3,907.00","-","0.00%"
"11/11/2020","3,907.00","3,907.00","3,907.00","3,907.00","-","0.00%"
"12/11/2020","3,907.00","3,907.00","3,907.00","3,907.00","-","0.00%"
"13/11/2020","4,080.00","4,080.00","4,080.00","4,080.00","0.03K","4.43%"
"16/11/2020","4,080.00","4,080.00","4,080.00","4,080.00","-","0.00%"
"17/11/2020","4,031.00","4,050.00","4,050.00","4,013.00","0.00K","-1.20%"
"18/11/2020","4,120.00","4,120.00","4,120.00","4,120.00","0.00K","2.21%"
"19/11/2020","4,120.00","4,120.00","4,120.00","4,120.00","-","0.00%"
"20/11/2020","4,120.00","4,120.00","4,120.00","4,120.00","-","0.00%"
"23/11/2020","4,120.00","4,120.00","4,120.00","4,120.00","-","0.00%"
"24/11/2020","4,124.00","4,129.00","4,129.00","4,120.00","0.00K","0.10%"
"25/11/2020","4,129.00","4,129.00","4,129.00","4,129.00","0.00K","0.12%"
"26/11/2020","4,148.00","4,263.00","4,263.00","4,131.00","0.01K","0.46%"
"27/11/2020","4,170.00","4,170.00","4,170.00","4,170.00","0.00K","0.53%"
"30/11/2020","4,170.00","4,170.00","4,170.00","4,170.00","0.01K","0.00%"
"01/12/2020","4,170.00","4,170.00","4,170.00","4,170.00","-","0.00%"
"02/12/2020","4,170.00","4,170.00","4,170.00","4,170.00","-","0.00%"
"03/12/2020","4,170.00","4,170.00","4,170.00","4,170.00","-","0.00%"
"04/12/2020","4,170.00","4,170.00","4,170.00","4,170.00","-","0.00%"
"07/12/2020","4,170.00","4,170.00","4,170.00","4,170.00","-","0.00%"
"08/12/2020","4,170.00","4,170.00","4,170.00","4,170.00","-","0.00%"
"09/12/2020","4,170.00","4,170.00","4,170.00","4,170.00","-","0.00%"
"10/12/2020","4,170.00","4,170.00","4,170.00","4,170.00","-","0.00%"
"11/12/2020","4,170.00","4,170.00","4,170.00","4,170.00","-","0.00%"
"14/12/2020","4,170.00","4,170.00","4,170.00","4,170.00","-","0.00%"
"15/12/2020","4,170.00","4,170.00","4,170.00","4,170.00","-","0.00%"
"16/12/2020","4,488.00","4,488.00","4,515.00","4,454.00","56.95K","7.63%"
"17/12/2020","4,527.00","4,503.00","4,550.00","4,493.00","39.59K","0.87%"
"18/12/2020","4,611.00","4,550.00","4,698.00","4,550.00","54.82K","1.86%"
"21/12/2020","4,768.00","4,678.00","4,841.00","4,674.00","40.69K","3.40%"
"22/12/2020","4,921.00","4,913.00","5,055.00","4,785.00","89.88K","3.21%"
"23/12/2020","4,777.00","4,876.00","4,878.00","4,683.00","66.17K","-2.93%"
"24/12/2020","4,754.00","4,750.00","4,797.00","4,715.00","43.06K","-0.48%"
"25/12/2020","4,671.00","4,695.00","4,734.00","4,617.00","43.52K","-1.75%"
"28/12/2020","4,652.00","4,700.00","4,772.00","4,537.00","39.10K","-0.41%"
"29/12/2020","4,550.00","4,540.00","4,613.00","4,518.00","15.95K","-2.19%"
"30/12/2020","4,512.00","4,528.00","4,562.00","4,470.00","11.91K","-0.84%"
"31/12/2020","4,539.00","4,521.00","4,604.00","4,506.00","16.20K","0.60%"
"04/01/2021","4,551.00","4,577.00","4,577.00","4,455.00","3.48K","0.26%"
"05/01/2021","4,570.00","4,560.00","4,598.00","4,550.00","2.10K","0.42%"
"06/01/2021","4,566.00","4,541.00","4,620.00","4,527.00","3.54K","-0.09%"
"07/01/2021","4,649.00","4,600.00","4,691.00","4,594.00","2.25K","1.82%"
"08/01/2021","4,673.00","4,661.00","4,784.00","4,640.00","4.14K","0.52%"
"11/01/2021","4,582.00","4,641.00","4,663.00","4,511.00","2.61K","-1.95%"
"12/01/2021","4,516.00","4,510.00","4,528.00","4,497.00","1.47K","-1.44%"
"13/01/2021","4,478.00","4,490.00","4,490.00","4,460.00","1.11K","-0.84%"
"14/01/2021","4,493.00","4,483.00","4,508.00","4,470.00","1.56K","0.33%"
"15/01/2021","4,541.00","4,560.00","4,560.00","4,530.00","1.23K","1.07%"
"18/01/2021","4,554.00","4,549.00","4,560.00","4,549.00","0.01K","0.29%"
"19/01/2021","4,467.00","4,451.00","4,498.00","4,451.00","0.04K","-1.91%"
"20/01/2021","4,475.00","4,468.00","4,490.00","4,468.00","0.19K","0.18%"
"21/01/2021","4,469.00","4,450.00","4,495.00","4,392.00","0.06K","-0.13%"
"22/01/2021","4,398.00","4,424.00","4,424.00","4,390.00","0.04K","-1.59%"
"25/01/2021","4,421.00","4,422.00","4,480.00","4,350.00","0.11K","0.52%"
"26/01/2021","4,522.00","4,480.00","4,594.00","4,443.00","0.09K","2.28%"
"27/01/2021","4,519.00","4,498.00","4,578.00","4,498.00","0.18K","-0.07%"
"28/01/2021","4,523.00","4,564.00","4,564.00","4,480.00","0.02K","0.09%"
"29/01/2021","4,442.00","4,450.00","4,570.00","4,332.00","0.94K","-1.79%"
"01/02/2021","4,442.00","4,442.00","4,442.00","4,442.00","-","0.00%"
"02/02/2021","4,410.00","4,410.00","4,410.00","4,410.00","-","-0.72%"
"03/02/2021","4,410.00","4,410.00","4,410.00","4,410.00","-","0.00%"
"04/02/2021","4,432.00","4,420.00","4,439.00","4,420.00","0.09K","0.50%"
"05/02/2021","4,517.00","4,517.00","4,517.00","4,517.00","0.03K","1.92%"
"08/02/2021","4,562.00","4,515.00","4,612.00","4,494.00","0.20K","1.00%"
"09/02/2021","4,644.00","4,600.00","4,670.00","4,590.00","0.33K","1.80%"
"10/02/2021","4,646.00","4,663.00","4,707.00","4,622.00","0.14K","0.04%"
"18/02/2021","4,771.00","4,766.00","4,799.00","4,728.00","0.29K","2.69%"
"19/02/2021","4,733.00","4,788.00","4,794.00","4,701.00","0.25K","-0.80%"
"22/02/2021","4,869.00","4,692.00","4,920.00","4,692.00","0.56K","2.87%"
"23/02/2021","4,872.00","4,836.00","4,895.00","4,825.00","0.29K","0.06%"
"24/02/2021","4,836.00","4,811.00","4,852.00","4,811.00","0.20K","-0.74%"
"25/02/2021","4,888.00","4,840.00","4,998.00","4,831.00","1.07K","1.08%"
"26/02/2021","4,897.00","4,900.00","4,935.00","4,806.00","0.41K","0.18%"
"01/03/2021","4,911.00","4,888.00","4,925.00","4,888.00","0.09K","0.29%"
"02/03/2021","4,883.00","4,850.00","4,900.00","4,850.00","0.18K","-0.57%"
"03/03/2021","5,012.00","4,980.00","5,045.00","4,980.00","0.30K","2.64%"
"04/03/2021","5,015.00","5,020.00","5,030.00","5,000.00","0.18K","0.06%"
"05/03/2021","4,872.00","4,850.00","4,880.00","4,850.00","0.12K","-2.85%"
"08/03/2021","4,965.00","4,890.00","4,995.00","4,890.00","0.21K","1.91%"
"09/03/2021","4,960.00","4,960.00","5,010.00","4,816.00","0.81K","-0.10%"
"10/03/2021","4,840.00","4,840.00","4,840.00","4,840.00","0.63K","-2.42%"
"11/03/2021","4,898.00","4,893.00","4,899.00","4,893.00","0.18K","1.20%"
"12/03/2021","5,035.00","5,035.00","5,035.00","5,035.00","0.03K","2.80%"
"15/03/2021","5,040.00","5,040.00","5,040.00","5,040.00","0.12K","0.10%"
"16/03/2021","4,980.00","4,997.00","5,030.00","4,916.00","0.12K","-1.19%"
"17/03/2021","4,945.00","4,927.00","5,000.00","4,927.00","0.01K","-0.70%"
"18/03/2021","4,982.00","5,002.00","5,030.00","4,969.00","0.45K","0.75%"
"19/03/2021","5,041.00","5,050.00","5,070.00","4,986.00","0.41K","1.18%"
"22/03/2021","5,116.00","5,045.00","5,141.00","5,045.00","1.89K","1.49%"
"23/03/2021","5,072.00","5,124.00","5,132.00","5,065.00","1.14K","-0.86%"
"24/03/2021","5,110.00","5,116.00","5,123.00","5,077.00","0.07K","0.75%"
"25/03/2021","5,119.00","5,110.00","5,120.00","5,110.00","0.02K","0.18%"
"26/03/2021","5,145.00","5,120.00","5,229.00","5,075.00","0.58K","0.51%"
"29/03/2021","5,265.00","5,251.00","5,300.00","5,201.00","1.06K","2.33%"
"30/03/2021","5,344.00","5,330.00","5,390.00","5,320.00","0.23K","1.50%"
"31/03/2021","5,361.00","5,375.00","5,500.00","5,340.00","0.16K","0.32%"
"01/04/2021","5,420.00","5,420.00","5,420.00","5,420.00","0.03K","1.10%"
"02/04/2021","5,501.00","5,501.00","5,501.00","5,501.00","0.03K","1.49%"
"06/04/2021","5,545.00","5,565.00","5,565.00","5,520.00","0.54K","0.80%"
"07/04/2021","5,533.00","5,595.00","5,605.00","5,495.00","1.83K","-0.22%"
"08/04/2021","5,477.00","5,490.00","5,505.00","5,440.00","0.42K","-1.01%"
"09/04/2021","5,460.00","5,461.00","5,461.00","5,460.00","0.06K","-0.31%"
"12/04/2021","5,376.00","5,440.00","5,470.00","5,330.00","1.56K","-1.54%"
"13/04/2021","5,376.00","5,376.00","5,376.00","5,376.00","-","0.00%"
"14/04/2021","5,400.00","5,400.00","5,400.00","5,400.00","-","0.45%"
"15/04/2021","5,481.00","5,490.00","5,500.00","5,453.00","0.69K","1.50%"
"16/04/2021","5,462.00","5,450.00","5,514.00","5,424.00","127.48K","-0.35%"
"19/04/2021","5,471.00","5,490.00","5,508.00","5,440.00","107.28K","0.16%"
"20/04/2021","5,467.00","5,451.00","5,495.00","5,442.00","68.12K","-0.07%"
"21/04/2021","5,494.00","5,507.00","5,537.00","5,460.00","68.98K","0.49%"
"22/04/2021","5,577.00","5,540.00","5,600.00","5,531.00","102.60K","1.51%"
"23/04/2021","5,588.00","5,580.00","5,607.00","5,570.00","40.10K","0.20%"
"26/04/2021","5,718.00","5,603.00","5,789.00","5,594.00","72.21K","2.33%"
"27/04/2021","5,799.00","5,766.00","5,837.00","5,766.00","55.46K","1.42%"
"28/04/2021","5,741.00","5,790.00","5,795.00","5,711.00","25.57K","-1.00%"
"29/04/2021","5,785.00","5,722.00","5,821.00","5,700.00","25.22K","0.77%"
"30/04/2021","5,760.00","5,795.00","5,815.00","5,701.00","21.37K","-0.43%"
"06/05/2021","5,907.00","5,872.00","5,977.00","5,866.00","7.43K","2.55%"
"07/05/2021","5,983.00","5,959.00","6,015.00","5,925.00","6.66K","1.29%"
"10/05/2021","6,115.00","6,020.00","6,341.00","6,002.00","1.65K","2.21%"
"11/05/2021","6,444.00","6,500.00","6,638.00","6,326.00","11.67K","5.38%"
"12/05/2021","6,633.00","6,592.00","6,733.00","6,521.00","5.19K","2.93%"
"13/05/2021","6,554.00","6,555.00","6,670.00","6,389.00","4.05K","-1.19%"
"14/05/2021","6,324.00","6,469.00","6,509.00","6,188.00","0.93K","-3.51%"
"17/05/2021","6,019.00","6,200.00","6,200.00","5,950.00","0.39K","-4.82%"
"18/05/2021","6,060.00","5,973.00","6,098.00","5,964.00","1.64K","0.68%"
"19/05/2021","5,820.00","6,028.00","6,051.00","5,680.00","1.75K","-3.96%"
"20/05/2021","5,552.00","5,621.00","5,705.00","5,400.00","2.24K","-4.60%"
"21/05/2021","5,618.00","5,615.00","5,710.00","5,514.00","2.57K","1.19%"
"24/05/2021","5,462.00","5,591.00","5,591.00","5,380.00","3.87K","-2.78%"
"25/05/2021","5,451.00","5,424.00","5,514.00","5,400.00","1.37K","-0.20%"
"26/05/2021","5,345.00","5,359.00","5,437.00","5,200.00","1.05K","-1.94%"
"27/05/2021","5,221.00","5,173.00","5,307.00","5,112.00","0.51K","-2.32%"
"28/05/2021","5,437.00","5,397.00","5,544.00","5,354.00","0.54K","4.14%"
"31/05/2021","5,604.00","5,495.00","5,758.00","5,488.00","0.37K","3.07%"
"01/06/2021","5,488.00","5,444.00","5,600.00","5,405.00","0.33K","-2.07%"
"02/06/2021","5,518.00","5,510.00","5,570.00","5,482.00","0.12K","0.55%"
"03/06/2021","5,601.00","5,640.00","5,650.00","5,550.00","1.65K","1.50%"
"04/06/2021","5,530.00","5,611.00","5,620.00","5,240.00","1.62K","-1.27%"
"07/06/2021","5,478.00","5,560.00","5,570.00","5,380.00","0.42K","-0.94%"
"08/06/2021","5,379.00","5,380.00","5,390.00","5,370.00","0.33K","-1.81%"
"09/06/2021","5,420.00","5,420.00","5,420.00","5,420.00","0.09K","0.76%"
"10/06/2021","5,579.00","5,580.00","5,600.00","5,550.00","1.32K","2.93%"
"11/06/2021","5,614.00","5,590.00","5,650.00","5,590.00","0.72K","0.63%"
"15/06/2021","5,542.00","5,540.00","5,566.00","5,540.00","0.51K","-1.28%"
"16/06/2021","5,470.00","5,538.00","5,538.00","5,357.00","0.14K","-1.30%"
"17/06/2021","5,411.00","5,355.00","5,490.00","5,350.00","0.39K","-1.08%"
"18/06/2021","5,537.00","5,505.00","5,550.00","5,464.00","0.19K","2.33%"
"21/06/2021","5,370.00","5,458.00","5,458.00","5,305.00","2.45K","-3.02%"
"22/06/2021","5,274.00","5,270.00","5,318.00","5,225.00","0.16K","-1.79%"
"23/06/2021","5,290.00","5,290.00","5,360.00","5,249.00","0.21K","0.30%"
"24/06/2021","5,331.00","5,373.00","5,373.00","5,320.00","0.09K","0.78%"
"25/06/2021","5,438.00","5,380.00","5,453.00","5,380.00","0.07K","2.01%"
"28/06/2021","5,461.00","5,436.00","5,530.00","5,380.00","0.11K","0.42%"
"29/06/2021","5,549.00","5,585.00","5,605.00","5,470.00","0.03K","1.61%"
"30/06/2021","5,494.00","5,431.00","5,578.00","5,396.00","0.41K","-0.99%"
"01/07/2021","5,546.00","5,560.00","5,560.00","5,540.00","0.27K","0.95%"
"02/07/2021","5,546.00","5,546.00","5,546.00","5,546.00","-","0.00%"
"05/07/2021","5,518.00","5,501.00","5,541.00","5,501.00","0.81K","-0.50%"
"06/07/2021","5,595.00","5,595.00","5,615.00","5,585.00","0.57K","1.40%"
"07/07/2021","5,724.00","5,700.00","5,749.00","5,700.00","0.06K","2.31%"
"08/07/2021","5,724.00","5,724.00","5,724.00","5,724.00","-","0.00%"
"09/07/2021","5,785.00","5,770.00","5,800.00","5,770.00","0.06K","1.07%"
"12/07/2021","5,785.00","5,785.00","5,785.00","5,785.00","-","0.00%"
"13/07/2021","5,785.00","5,785.00","5,785.00","5,785.00","-","0.00%"
"14/07/2021","5,906.00","5,860.00","5,960.00","5,860.00","0.15K","2.09%"
"15/07/2021","5,906.00","5,968.00","5,976.00","5,954.00","0.02K","0.00%"
"16/07/2021","5,980.00","5,966.00","6,013.00","5,851.00","0.15K","1.25%"
"19/07/2021","5,963.00","5,988.00","6,050.00","5,918.00","0.75K","-0.28%"
"20/07/2021","5,889.00","5,866.00","5,954.00","5,852.00","0.03K","-1.24%"
"21/07/2021","5,956.00","5,970.00","5,993.00","5,943.00","0.23K","1.14%"
"22/07/2021","5,863.00","5,910.00","5,929.00","5,783.00","0.07K","-1.56%"
"23/07/2021","5,933.00","5,934.00","5,955.00","5,915.00","0.30K","1.19%"
"26/07/2021","5,961.00","5,940.00","6,025.00","5,889.00","0.23K","0.47%"
"27/07/2021","5,985.00","5,984.00","6,030.00","5,880.00","0.27K","0.40%"
"28/07/2021","5,908.00","5,882.00","5,980.00","5,855.00","0.08K","-1.29%"
"29/07/2021","5,995.00","5,870.00","6,060.00","5,870.00","0.05K","1.47%"
"30/07/2021","6,120.00","6,176.00","6,288.00","5,916.00","0.34K","2.09%"
"02/08/2021","6,120.00","6,120.00","6,120.00","5,750.00","0.06K","0.00%"
"03/08/2021","5,678.00","5,770.00","5,770.00","5,630.00","0.30K","-7.22%"
"04/08/2021","5,760.00","5,760.00","5,760.00","5,760.00","0.03K","1.44%"
"05/08/2021","5,760.00","5,760.00","5,760.00","5,760.00","-","0.00%"
"06/08/2021","5,760.00","5,760.00","5,760.00","5,760.00","-","0.00%"
"09/08/2021","5,763.00","5,730.00","5,800.00","5,730.00","0.09K","0.05%"
"10/08/2021","5,763.00","5,763.00","5,763.00","5,763.00","-","0.00%"
"11/08/2021","5,763.00","5,763.00","5,763.00","5,763.00","-","0.00%"
"12/08/2021","5,763.00","5,763.00","5,763.00","5,763.00","-","0.00%"
"13/08/2021","5,763.00","5,763.00","5,763.00","5,763.00","-","0.00%"
"16/08/2021","5,760.00","5,760.00","6,004.00","5,714.00","0.18K","-0.05%"
"17/08/2021","5,748.00","5,725.00","6,004.00","5,710.00","0.37K","-0.21%"
"18/08/2021","5,636.00","5,753.00","5,753.00","5,563.00","0.55K","-1.95%"
"19/08/2021","5,582.00","5,601.00","5,628.00","5,550.00","1.06K","-0.96%"
"20/08/2021","5,563.00","5,556.00","5,610.00","5,473.00","0.23K","-0.34%"
"23/08/2021","5,650.00","5,522.00","5,698.00","5,522.00","0.09K","1.56%"
"24/08/2021","5,729.00","5,728.00","5,753.00","5,681.00","0.07K","1.40%"
"25/08/2021","5,733.00","5,817.00","5,868.00","5,700.00","0.04K","0.07%"
"26/08/2021","5,681.00","5,748.00","5,748.00","5,592.00","0.04K","-0.91%"
"27/08/2021","5,634.00","5,546.00","5,765.00","5,534.00","0.04K","-0.83%"
"30/08/2021","5,759.00","5,709.00","5,839.00","5,709.00","0.14K","2.22%"
"31/08/2021","5,791.00","5,872.00","5,872.00","5,607.00","0.23K","0.56%"
"01/09/2021","5,670.00","5,670.00","5,670.00","5,670.00","0.03K","-2.09%"
"02/09/2021","5,780.00","5,780.00","5,780.00","5,780.00","0.03K","1.94%"
"03/09/2021","5,803.00","5,780.00","5,900.00","5,765.00","0.87K","0.40%"
"06/09/2021","5,860.00","5,850.00","5,880.00","5,850.00","0.09K","0.98%"
"07/09/2021","5,880.00","5,880.00","5,880.00","5,880.00","0.03K","0.34%"
"08/09/2021","5,850.00","5,850.00","5,850.00","5,850.00","0.03K","-0.51%"
"09/09/2021","5,850.00","5,850.00","5,850.00","5,850.00","-","0.00%"
"10/09/2021","5,850.00","5,850.00","5,850.00","5,850.00","-","0.00%"
"13/09/2021","5,850.00","5,850.00","5,850.00","5,850.00","-","0.00%"
"14/09/2021","5,850.00","5,850.00","5,850.00","5,850.00","-","0.00%"
"15/09/2021","5,850.00","5,850.00","5,865.00","5,772.00","10.73K","0.00%"
"16/09/2021","5,848.00","5,798.00","5,909.00","5,781.00","32.32K","-0.03%"
"17/09/2021","5,795.00","5,825.00","5,866.00","5,738.00","27.31K","-0.91%"
"22/09/2021","5,769.00","5,802.00","5,830.00","5,702.00","20.08K","-0.45%"
"23/09/2021","5,780.00","5,820.00","5,865.00","5,714.00","18.59K","0.19%"
"24/09/2021","5,692.00","5,740.00","5,754.00","5,653.00","16.17K","-1.52%"
"27/09/2021","5,691.00","5,677.00","5,780.00","5,611.00","11.82K","-0.02%"
"28/09/2021","5,740.00","5,721.00","5,770.00","5,701.00","6.98K","0.86%"
"29/09/2021","5,774.00","5,762.00","5,820.00","5,722.00","7.44K","0.59%"
"30/09/2021","5,801.00","5,772.00","5,855.00","5,755.00","8.01K","0.47%"
"08/10/2021","5,892.00","5,910.00","5,930.00","5,845.00","2.18K","1.57%"
"11/10/2021","5,881.00","5,890.00","5,910.00","5,840.00","3.00K","-0.19%"
"12/10/2021","5,826.00","5,870.00","5,870.00","5,703.00","3.06K","-0.94%"
"13/10/2021","5,768.00","5,740.00","5,859.00","5,670.00","0.51K","-1.00%"
"14/10/2021","5,729.00","5,730.00","5,768.00","5,700.00","1.44K","-0.68%"
"15/10/2021","5,781.00","5,740.00","5,850.00","5,730.00","0.90K","0.91%"
"18/10/2021","5,814.00","5,838.00","5,861.00","5,716.00","0.12K","0.57%"
"19/10/2021","5,792.00","5,775.00","5,836.00","5,723.00","0.15K","-0.38%"
"20/10/2021","5,722.00","5,750.00","5,776.00","5,500.00","0.32K","-1.21%"
"21/10/2021","5,639.00","5,761.00","5,765.00","5,413.00","0.22K","-1.45%"
"22/10/2021","5,475.00","5,467.00","5,530.00","5,342.00","0.13K","-2.91%"
"25/10/2021","5,497.00","5,569.00","5,569.00","5,412.00","0.41K","0.40%"
"26/10/2021","5,412.00","5,460.00","5,474.00","5,356.00","0.04K","-1.55%"
"27/10/2021","5,379.00","5,440.00","5,491.00","5,220.00","0.09K","-0.61%"
"28/10/2021","5,074.00","5,370.00","5,370.00","4,949.00","0.74K","-5.67%"
"29/10/2021","5,213.00","5,002.00","5,380.00","5,002.00","0.38K","2.74%"
"01/11/2021","5,213.00","5,213.00","5,213.00","5,213.00","-","0.00%"
"02/11/2021","5,083.00","5,080.00","5,120.00","4,900.00","0.54K","-2.49%"
"03/11/2021","5,020.00","5,020.00","5,020.00","5,020.00","0.03K","-1.24%"
"04/11/2021","5,020.00","5,020.00","5,020.00","5,020.00","-","0.00%"
"05/11/2021","5,020.00","5,020.00","5,020.00","5,020.00","-","0.00%"
"08/11/2021","5,020.00","5,020.00","0.00","0.00","-","0.00%"
"09/11/2021","4,800.00","4,800.00","4,800.00","4,800.00","0.03K","-4.38%"
"10/11/2021","4,650.00","4,650.00","4,650.00","4,650.00","0.06K","-3.13%"
"11/11/2021","4,500.00","4,500.00","4,500.00","4,500.00","0.03K","-3.23%"
"12/11/2021","4,860.00","4,860.00","4,860.00","4,860.00","0.03K","8.00%"
"15/11/2021","4,720.00","4,720.00","4,720.00","4,720.00","0.03K","-2.88%"
"16/11/2021","4,646.00","4,643.00","4,720.00","4,582.00","0.18K","-1.57%"
"17/11/2021","4,638.00","4,641.00","4,679.00","4,610.00","0.25K","-0.17%"
"18/11/2021","4,610.00","4,633.00","4,679.00","4,550.00","0.06K","-0.60%"
"19/11/2021","4,607.00","4,506.00","4,680.00","4,493.00","0.06K","-0.07%"
"22/11/2021","4,681.00","4,697.00","4,778.00","4,595.00","0.07K","1.61%"
"23/11/2021","4,653.00","4,631.00","4,688.00","4,570.00","0.02K","-0.60%"
"24/11/2021","4,705.00","4,713.00","4,792.00","4,650.00","0.12K","1.12%"
"25/11/2021","4,756.00","4,751.00","4,788.00","4,716.00","0.02K","1.08%"
"26/11/2021","4,637.00","4,588.00","4,730.00","4,588.00","0.14K","-2.50%"
"29/11/2021","4,680.00","4,684.00","4,702.00","4,623.00","0.07K","0.93%"
"30/11/2021","4,624.00","4,690.00","4,730.00","4,508.00","0.09K","-1.20%"
"01/12/2021","4,715.00","4,651.00","4,790.00","4,651.00","0.07K","1.97%"
"02/12/2021","4,715.00","4,715.00","4,715.00","4,715.00","-","0.00%"
"03/12/2021","4,780.00","4,721.00","4,840.00","4,721.00","0.06K","1.38%"
"06/12/2021","4,780.00","4,780.00","4,780.00","4,780.00","-","0.00%"
"07/12/2021","4,780.00","4,780.00","4,780.00","4,780.00","-","0.00%"
"08/12/2021","5,016.00","4,950.00","5,082.00","4,950.00","0.15K","4.94%"
"09/12/2021","4,950.00","4,900.00","5,000.00","4,900.00","0.06K","-1.32%"
"10/12/2021","4,950.00","4,950.00","4,950.00","4,950.00","-","0.00%"
"13/12/2021","4,950.00","4,950.00","4,950.00","4,950.00","-","0.00%"
"14/12/2021","4,950.00","4,950.00","4,950.00","4,950.00","-","0.00%"
"15/12/2021","4,950.00","4,950.00","4,950.00","4,950.00","-","0.00%"
"16/12/2021","4,824.00","4,795.00","4,871.00","4,772.00","82.99K","-2.55%"
"17/12/2021","4,840.00","4,816.00","4,875.00","4,807.00","39.79K","0.33%"
"20/12/2021","4,841.00","4,826.00","4,899.00","4,755.00","55.13K","0.02%"
"21/12/2021","4,768.00","4,788.00","4,824.00","4,725.00","40.48K","-1.51%"
"22/12/2021","4,761.00","4,813.00","4,813.00","4,730.00","28.37K","-0.15%"
"23/12/2021","4,758.00","4,750.00","4,785.00","4,731.00","26.71K","-0.06%"
"24/12/2021","4,797.00","4,770.00","4,822.00","4,762.00","26.32K","0.82%"
"27/12/2021","4,721.00","4,794.00","4,803.00","4,660.00","36.93K","-1.58%"
"28/12/2021","4,710.00","4,662.00","4,753.00","4,650.00","30.03K","-0.23%"
"29/12/2021","4,721.00","4,701.00","4,750.00","4,694.00","16.49K","0.23%"
"30/12/2021","4,738.00","4,734.00","4,770.00","4,690.00","12.58K","0.36%"
"31/12/2021","4,729.00","4,700.00","4,765.00","4,700.00","9.37K","-0.19%"
"04/01/2022","4,736.00","4,778.00","4,780.00","4,705.00","2.01K","0.15%"
"05/01/2022","4,751.00","4,731.00","4,780.00","4,730.00","3.15K","0.32%"
"06/01/2022","4,795.00","4,775.00","4,830.00","4,740.00","2.61K","0.93%"
"07/01/2022","4,825.00","4,810.00","4,850.00","4,800.00","1.80K","0.63%"
"10/01/2022","4,823.00","4,830.00","4,840.00","4,806.00","0.72K","-0.04%"
"11/01/2022","4,834.00","4,835.00","4,855.00","4,810.00","0.84K","0.23%"
"12/01/2022","4,858.00","4,855.00","4,870.00","4,845.00","1.38K","0.50%"
"13/01/2022","4,888.00","4,875.00","4,895.00","4,875.00","1.29K","0.62%"
"14/01/2022","4,852.00","4,861.00","4,864.00","4,840.00","0.33K","-0.74%"
"17/01/2022","4,836.00","4,819.00","4,899.00","4,799.00","0.27K","-0.33%"
"18/01/2022","4,795.00","4,783.00","4,832.00","4,753.00","0.17K","-0.85%"
"19/01/2022","4,926.00","4,867.00","4,950.00","4,867.00","0.80K","2.73%"
"20/01/2022","4,918.00","4,927.00","4,930.00","4,881.00","0.11K","-0.16%"
"21/01/2022","4,938.00","4,918.00","4,966.00","4,889.00","0.15K","0.41%"
"24/01/2022","4,923.00","4,930.00","4,965.00","4,863.00","0.23K","-0.30%"
"25/01/2022","4,904.00","4,858.00","4,960.00","4,858.00","0.07K","-0.39%"
"26/01/2022","4,904.00","4,919.00","4,950.00","4,900.00","4.71K","0.00%"
"27/01/2022","4,926.00","4,950.00","4,960.00","4,870.00","0.13K","0.45%"
"28/01/2022","4,970.00","4,900.00","5,163.00","4,900.00","0.59K","0.89%"
"07/02/2022","5,015.00","5,015.00","5,015.00","5,015.00","-","0.91%"
"08/02/2022","5,100.00","5,100.00","5,100.00","5,100.00","0.39K","1.69%"
"09/02/2022","5,095.00","5,125.00","5,125.00","5,060.00","0.09K","-0.10%"
"10/02/2022","5,080.00","5,080.00","5,080.00","5,080.00","0.09K","-0.29%"
"11/02/2022","5,100.00","5,100.00","5,100.00","5,100.00","-","0.39%"
"14/02/2022","5,088.00","5,088.00","5,088.00","5,088.00","-","-0.24%"
"15/02/2022","4,972.00","4,950.00","5,000.00","4,900.00","0.33K","-2.28%"
"16/02/2022","4,961.00","4,893.00","5,000.00","4,889.00","0.11K","-0.22%"
"17/02/2022","4,915.00","4,989.00","4,989.00","4,880.00","0.44K","-0.93%"
"18/02/2022","4,938.00","4,888.00","4,983.00","4,860.00","0.76K","0.47%"
"21/02/2022","4,965.00","4,959.00","5,003.00","4,938.00","0.12K","0.55%"
"22/02/2022","4,983.00","5,076.00","5,076.00","4,923.00","0.13K","0.36%"
"23/02/2022","4,982.00","4,923.00","5,008.00","4,923.00","0.10K","-0.02%"
"24/02/2022","4,909.00","4,985.00","4,990.00","4,872.00","0.57K","-1.47%"
"25/02/2022","4,854.00","4,880.00","4,908.00","4,794.00","0.83K","-1.12%"
"28/02/2022","4,910.00","4,888.00","5,130.00","4,860.00","6.26K","1.15%"
"01/03/2022","5,078.00","5,020.00","5,150.00","5,020.00","3.54K","3.42%"
"02/03/2022","5,140.00","5,140.00","5,142.00","5,140.00","1.08K","1.22%"
"03/03/2022","5,274.00","5,258.00","5,298.00","5,258.00","0.15K","2.61%"
"04/03/2022","5,285.00","5,285.00","5,285.00","5,285.00","0.03K","0.21%"